,Recall,PositiveRating,PerformanceRatio,Impact
,0.743484157825968,0.696156513634317,7.21,52
,0.763333333333333,0.519650655021834,2.09,40
,0.64,0.557291666666667,2.10,36
,0.56,0.464285714285714,1.81,26
,0.373096446700508,0.693877551020408,5.67,26
,0.34010152284264,0.559701492537313,2.88,19
,0.451776649746193,0.657303370786517,7.80,30
,0.554868624420402,0.657381615598886,5.76,36
,0.401854714064915,0.6,3.63,24
,0.562596599690881,0.68956043956044,8.10,39
,0.473003497369558,0.554263794194873,3.36,26
,0.421441304353303,0.431210393767279,1.57,18
,0.675082650474623,0.614186137901148,4.90,41
,0.609523659244665,0.55657600383931,3.08,34
,0.482738228335649,0.604613784575495,5.35,29
,0.367210033932917,0.658113279140615,4.75,24
,0.553846153846154,0.377777777777778,2.06,21
,0.64406779661017,0.75,7.60,48
,0.595419847328244,0.611111111111111,4.93,36
,0.809322033898305,0.691099476439791,5.08,56
,0.728813559322034,0.697674418604651,4.80,51
,0.546610169491525,0.550387596899225,2.54,30
,0.427966101694915,0.495049504950495,2.94,21
,0.819338422391858,0.72360248447205,8.32,59
,0.809178743961353,0.761194029850746,7.97,62
,0.771513353115727,0.669230769230769,7.57,52
,0.673590504451039,0.638766519823789,6.59,43
,0.753846153846154,0.530612244897959,2.95,40
,0.489230769230769,0.484276729559748,2.66,24
,0.399567781806148,0.586240534575844,2.85,23
,0.580924544648381,0.607138163105464,3.27,35
,0.632333543337908,0.476500797833609,1.94,30
,0.685535306385021,0.609435363221384,3.69,42
,0.722355913285993,0.582216374980274,3.50,42
,0.461702314151427,0.621566328000579,5.16,29
,0.751340285371824,0.69752142236069,6.93,52
,0.205389990529608,0.539183003928079,2.33,11
,0.581360875203641,0.491615766194829,2.37,29
,0.337941897159311,0.53309194966121,2.10,18
,0.702949704284285,0.687910011687279,4.79,48
,0.456148996829511,0.516146264714955,3.10,24
,0.394001478892443,0.550608423647098,2.39,22
,0.37000849272987,0.546507391896704,4.07,20
,0.274472037781375,0.488046540155279,1.94,13
,0.423611111111111,0.601092896174863,5.24,25
,0.708333333333333,0.65359477124183,7.69,46
,0.347222222222222,0.62,5.47,22
,0.61965811965812,0.586206896551724,5.00,36
,0.546296296296296,0.516949152542373,3.30,28
,0.766203703703704,0.610271903323263,5.61,47
,0.87037037037037,0.757978723404255,11.88,66
,0.764957264957265,0.720670391061452,7.17,55
,0.886574074074074,0.819843342036554,15.70,73
,0.572649572649573,0.611940298507463,4.56,35
,0.641203703703704,0.606498194945848,4.31,39
,0.423076923076923,0.515151515151515,3.40,22
,0.844907407407407,0.693150684931507,7.91,59
,0.256944444444444,0.585585585585586,4.06,15
,0.673076983325936,0.479288272882997,2.00,32
,0.868048456145207,0.631897508665769,3.45,55
,0.786210794856259,0.665355131328561,4.91,52
,0.751814229505865,0.615690303700929,5.30,46
,0.715529826842368,0.66793832004451,6.18,48
,0.6381554761703,0.766193476844662,12.34,49
,0.74423355125896,0.758235969685151,7.51,56
,0.741392528073536,0.702567526262363,8.53,52
,0.739963049121,0.704972553646717,12.45,52
,0.6439405319711,0.695939263924634,7.32,45
,0.677766921859446,0.660690978773613,7.65,45
,0.450503354191263,0.627093286617625,5.07,28
,0.524462571730229,0.678736389518062,8.67,36
,0.318180995800455,0.603985997957989,11.03,19
,0.373229735266832,0.628435564400242,6.95,23
,0.323442136498516,0.577981651376147,5.73,19
,0.670623145400593,0.566371681415929,4.13,38
,0.623145400593472,0.619047619047619,8.67,39
,0.667655786350148,0.52,4.33,35
,0.401691348248219,0.556315001864037,2.93,22
,0.882284157097663,0.66273362623715,3.94,58
,0.621709213896604,0.676258546255954,3.92,42
,0.381222217852572,0.648019090011099,6.82,25
,0.350931082108529,0.516856436769258,2.59,18
,0.58587786259542,0.674267100977199,5.05,40
,0.648854961832061,0.567647058823529,3.39,37
,0.637404580152672,0.607784431137725,4.83,39
,0.727099236641221,0.561679790026247,3.82,41
,0.481272148105847,0.513620762161352,3.15,25
,0.618461538461539,0.348258706467662,1.59,22
,0.824615384615385,0.544776119402985,4.17,45
,0.744615384615385,0.491735537190083,3.40,37
,0.44017094017094,0.495145631067961,2.13,22
,0.384259259259259,0.548192771084337,6.07,21
,0.666666666666667,0.634615384615385,5.82,42
,0.268518518518519,0.482758620689655,2.07,13
,0.5625,0.469135802469136,2.24,26
,0.157407407407407,0.514705882352941,2.33,8
,0.280092592592593,0.388429752066116,1.68,11
,0.226851851851852,0.479591836734694,2.94,11
,0.886574074074074,0.595300261096606,3.04,53
,0.723333333333333,0.470046082949309,1.79,34
,0.63,0.555555555555556,2.50,35
,0.765578635014837,0.585271317829457,5.59,45
,0.510385756676558,0.575581395348837,3.81,29
,0.593591285188555,0.521026446359387,2.39,31
,0.608662469207616,0.545231911169664,2.89,33
,0.79252029968122,0.576561754672252,4.45,46
,0.315246603766127,0.540624097951355,2.32,17
,0.409389931519971,0.526546639852316,2.70,22
,0.495075219443217,0.460581658870331,1.65,23
,0.391459615897502,0.529647908725214,2.62,21
,0.35466869364826,0.69884883579273,7.32,25
,0.592529573561903,0.63511887180412,5.91,38
,0.43198018464501,0.51907204838233,3.03,22
,0.418600523786206,0.490953688930446,3.12,21
,0.802859082459745,0.717291252986648,7.30,58
,0.736043339340006,0.774317093495744,14.76,57
,0.698482123811124,0.639037509141755,5.92,45
,0.727056976910529,0.697086794549621,7.93,51
,0.783052389167039,0.655782864366986,5.29,51
,0.589514821005791,0.702072117297952,5.91,41
,0.403704390372292,0.502189513212351,2.97,20
,0.213686011415989,0.51399809623406,2.75,11
,0.501022299175517,0.483599268751161,1.91,24
,0.594072973737805,0.565094139200172,3.41,34
,0.204388343616252,0.56583602867495,3.96,12
,0.323691737251207,0.50574811337,3.26,16
,0.614405427324221,0.540138353343083,2.44,33
,0.166651116557142,0.493350334998838,2.01,8
,0.514151950793449,0.481350444751871,2.24,25
,0.200545177463056,0.486819744845769,2.26,10
,0.697967917410879,0.627180876973253,5.03,44
,0.816666666666667,0.518367346938776,1.81,42
,0.746666666666667,0.446428571428571,1.54,33
,0.74,0.536036036036036,3.22,40
,0.423333333333333,0.338582677165354,1.10,14
,0.826666666666667,0.55241935483871,2.14,46
,0.394658753709199,0.548872180451128,4.56,22
,0.28486646884273,0.5,4.36,14
,0.874045801526718,0.65938864628821,5.39,58
,0.83206106870229,0.653669724770642,4.45,54
,0.797709923664122,0.700956937799043,5.98,56
,0.236641221374046,0.532258064516129,2.54,13
,0.774480712166172,0.613026819923372,5.33,47
,0.648278606207315,0.668247474872442,4.67,43
,0.778484978713996,0.723074598163209,5.24,56
,0.519506087035998,0.60717187824628,2.79,32
,0.665645937678973,0.700310356631592,8.00,47
,0.703108251643067,0.655872241116178,5.67,46
,0.445615531689655,0.611782040379039,4.41,27
,0.668621616440968,0.67708185946777,5.66,45
,0.67610716187207,0.606346798795955,4.43,41
,0.669855622388937,0.729986925859532,5.14,49
,0.631653184522837,0.589003426227377,4.08,37
,0.535793704448811,0.527905357864052,3.15,28
,0.376416535050262,0.555380546215082,3.88,21
,0.318507360528138,0.6079301777555,4.58,19
,0.416895298379788,0.604409509159581,4.41,25
,0.745938214777555,0.560105593152076,2.73,42
,0.797809584187713,0.497255427156152,2.07,40
,0.643455511992793,0.541706483041348,3.81,35
,0.652776709370169,0.708267466727507,6.98,46
,0.180872809974691,0.371056602239277,1.14,7
,0.419206150132484,0.572268367353317,4.41,24
,0.294403587408104,0.487425519369014,2.11,14
,0.499053490858463,0.528915230852904,2.46,26
,0.187670579033933,0.416111034114154,1.61,8
,0.069673852701038,0.299583725204817,0.72,2
,0.215795695484593,0.458393059254177,2.47,10
,0.199492700791251,0.398763417730193,1.86,8
,0.160273318367128,0.604780957998425,3.14,10
,0.234175825685819,0.513389726586396,2.99,12
,0.562699311052244,0.533886993914135,2.42,30
,0.521598582358878,0.536740664983985,4.02,28
,0.397382573532053,0.58743061556827,5.87,23
,0.379176829993147,0.540191237078123,1.98,20
,0.373496762621714,0.478658287461671,2.36,18
,0.33458712105646,0.490993694504727,1.99,16
,0.344474735946352,0.546458455636231,2.81,19
,0.681297709923664,0.621848739495798,3.89,42
,0.893129770992366,0.658119658119658,4.34,59
,0.791984732824428,0.6,4.15,48
,0.776717557251908,0.619164619164619,4.34,48
,0.713740458015267,0.558823529411765,2.90,40
,0.704198473282443,0.577235772357724,4.18,41
,0.677480916030534,0.709859154929577,5.73,48
,0.950769230769231,0.637540453074434,5.47,61
,0.858461538461538,0.620071684587814,4.33,53
,0.593610595168537,0.693233875418462,15.96,41
,0.607338715061921,0.518422505727813,2.74,31
,0.497057814921193,0.573222286351425,3.74,28
,0.802178049414471,0.602448107598227,4.30,48
,0.754022255303171,0.582879777397014,3.96,44
,0.346798180079356,0.543450934531414,2.86,19
,0.478305449522212,0.612232662843094,4.94,29
,0.767404836471414,0.656327136385527,6.76,50
,0.659610429786959,0.607332010859832,3.63,40
,0.538021072202486,0.509373368120565,3.55,27
,0.467152300235517,0.557485654931189,4.95,26
,0.501486183638853,0.632093929204423,5.10,32
,0.553082375897981,0.545761355992186,3.13,30
,0.64462171067992,0.67189730519856,4.41,43
,0.582403337304471,0.443017428714951,1.32,26
,0.873828328667643,0.730147931939829,7.95,64
,0.754154492835618,0.640865186166921,5.43,48
,0.697795704240652,0.680463498060444,6.25,47
,0.620878290036073,0.712518198021061,9.06,44
,0.813406696939172,0.710897334429702,7.11,58
,0.706740711616857,0.691997964411361,6.62,49
,0.850553846603519,0.699614251332576,7.33,60
,0.813366997106019,0.796829207940269,13.01,65
,0.682957411048788,0.629926443322142,5.64,43
,0.736893883670318,0.685990091183745,6.94,51
,0.546183929985129,0.644261370551258,4.48,35
,0.833099823579159,0.731802298040322,7.08,61
,0.576478868281558,0.614876056947214,4.70,35
,0.80243358479245,0.635934142592827,3.16,51
,0.602704659504839,0.593480707998433,3.00,36
,0.823707324488251,0.812044630834732,13.78,67
,0.422376813192944,0.58229062330331,3.99,25
,0.714122209840022,0.593011915730921,4.59,42
,0.734444383541626,0.690075314622925,6.16,51
,0.588943734337317,0.561589705341104,5.36,33
,0.732968802715335,0.594841042645838,4.20,44
,0.717962532383341,0.615353970501276,6.93,44
,0.594769724691782,0.567475766724306,5.07,34
,0.722433189704898,0.648834076501963,6.73,47
,0.819901236750997,0.563510196015764,4.04,46
,0.559700651403823,0.66848071147123,10.48,37
,0.884688994125699,0.688869709290872,5.10,61
,0.897858880645293,0.686937674675763,5.00,62
,0.868228532464386,0.712233046696985,8.19,62
,0.820502008122763,0.723501534428941,7.10,59
,0.782139865483212,0.497381153075559,1.99,39
,0.704797882541208,0.65311126207644,4.81,46
,0.664038228211829,0.586206855837834,3.41,39
,0.656848459956765,0.595774480634802,3.53,39
,0.334464358927862,0.534352105144005,3.50,18
,0.881492581345346,0.765432030423322,7.31,67
,0.771474749507598,0.567775793055835,3.34,44
,0.726519999129817,0.560492847232023,2.92,41
,0.853402243739331,0.723425424631318,6.48,62
,0.729449984636333,0.577621327145343,2.39,42
,0.35960354593288,0.510285393576803,5.48,18
,0.703230528652462,0.57815409387424,3.72,41
,0.44451673334325,0.593017863089665,3.90,26
,0.866195154750022,0.71217994262503,5.89,62
,0.78779573010196,0.737515149598742,11.09,58
,0.613347204832884,0.706092758448514,7.53,43
,0.639639219313148,0.753824131540079,12.33,48
,0.485463731953684,0.715031376054964,7.64,35
,0.654522584865256,0.744990619491635,6.10,49
,0.389382678116052,0.520485484119795,2.26,20
,0.770904131939422,0.740371140324114,9.35,57
,0.736211904213034,0.718557829093279,7.89,53
,0.650176016150919,0.601324254536561,4.33,39
,0.642827936379348,0.664213489615921,7.13,43
,0.490337020674399,0.660490797222682,7.93,32
,0.373007080497387,0.68547033774769,5.79,26
,0.486182589096006,0.745575691108674,15.96,36
,0.414898604999721,0.596437451291582,4.15,25
,0.459027107523723,0.623682544664341,4.07,29
,0.260139497428297,0.435959482781765,1.74,11
,0.762424477468242,0.71632890500463,10.50,55
,0.755441587128387,0.641835063521369,6.36,48
,0.453923732718408,0.555987326085112,3.68,25
,0.432827274633452,0.591225066839386,5.89,26
,0.678743961352657,0.733096085409253,6.87,50
,0.475845410628019,0.588832487309645,4.00,28
,0.778625954198473,0.65359477124183,4.65,51
,0.732824427480916,0.652777777777778,4.27,48
,0.56234096692112,0.642533936651584,4.73,36
,0.402542372881356,0.505263157894737,2.29,20
,0.360169491525424,0.670588235294118,6.33,24
,0.416243654822335,0.591463414634146,2.62,25
,0.375634517766497,0.72972972972973,5.68,27
,0.50507614213198,0.653266331658292,5.00,33
,0.687789799072643,0.608988764044944,3.61,42
,0.451313755795981,0.585616438356164,3.00,26
,0.391035548686244,0.616600790513834,4.73,24
,0.372488408037094,0.701244813278008,7.35,26
,0.322926667998368,0.555489447337472,3.25,18
,0.477607017403155,0.590265390799953,3.07,28
,0.323862271963983,0.579531774985563,3.28,19
,0.268988522924557,0.469740055583576,2.24,13
,0.217840435067564,0.527301280082235,4.66,11
,0.726296189762494,0.601135359602996,3.80,44
,0.372218273167436,0.571916599192855,6.43,21
,0.195893573069432,0.445376497837803,3.08,9
,0.510975013013524,0.53777394188178,3.40,27
,0.783956245575735,0.756214230927161,9.29,59
,0.472964253106351,0.545920510999774,3.25,26
,0.728514950281749,0.676520565630973,5.82,49
,0.485480111982295,0.613152557920951,4.32,30
,0.558614363741008,0.639140846931098,5.04,36
,0.687484538543822,0.602367559007793,4.61,41
,0.569099231061655,0.590132166618921,3.62,34
,0.361920142720977,0.577515111524418,3.21,21
,0.392350392882357,0.621038122970189,3.86,24
,0.347222222222222,0.466666666666667,2.19,16
,0.576923076923077,0.637037037037037,9.56,37
,0.916666666666667,0.724747474747475,6.83,66
,0.555555555555556,0.566666666666667,3.16,31
,0.513888888888889,0.477477477477477,2.08,25
,0.722222222222222,0.662721893491124,5.89,48
,0.796296296296296,0.718023255813954,9.15,57
,0.715277777777778,0.608414239482201,5.88,44
,0.590277777777778,0.509803921568627,3.33,30
,0.346153846153846,0.493827160493827,2.50,17
,0.365740740740741,0.525316455696203,3.07,19
,0.326388888888889,0.453900709219858,2.37,15
,0.547717091471808,0.600427764377924,3.94,33
,0.639967610063959,0.658579435478345,5.02,42
,0.548411056411211,0.651430655053308,4.82,36
,0.530917979668167,0.628514186206045,5.39,33
,0.555378625166385,0.584684383385003,3.71,32
,0.505322069205134,0.547128892340496,3.05,28
,0.442401413971061,0.672056686270859,7.08,30
,0.505141357036457,0.662181725723673,7.76,33
,0.816424449182368,0.715850467050526,8.16,58
,0.851832171028196,0.858435462863983,17.12,73
,0.80551480080628,0.708573543275431,5.91,57
,0.671442327866583,0.622404201873884,4.60,42
,0.532594927213083,0.691160206883846,5.63,37
,0.85160444494417,0.722861375024304,11.85,62
,0.82002162994411,0.763706503100209,15.23,63
,0.801228876788958,0.720514807957418,11.68,58
,0.531799113919456,0.62339536611832,3.59,33
,0.378542619156964,0.748150285489117,13.96,28
,0.473458102776837,0.714884522761031,7.02,34
,0.491695837947293,0.598831302501129,3.66,29
,0.36647411035751,0.631554304732388,4.83,23
,0.271348436352098,0.57092394443303,4.63,15
,0.358925620577149,0.527391514300507,4.17,19
,0.337790089515945,0.628329057757296,5.43,21
,0.551805201407237,0.653292876183789,5.24,36
,0.592228592368386,0.717401713164465,14.19,42
,0.841881387898661,0.784422427227307,10.66,66
,0.48296052446441,0.59964621737119,4.39,29
,0.361791216113435,0.519538026864972,2.74,19
,0.784539741257979,0.697626189349123,9.55,55
,0.762957621384513,0.72404248616911,9.06,55
,0.655214153720104,0.634653731604162,5.76,42
,0.642329772272554,0.639624200447877,6.44,41
,0.5,0.634517766497462,3.79,32
,0.406091370558376,0.6,4.57,24
,0.469543147208122,0.594594594594595,4.58,28
,0.683153013910355,0.644796380090498,4.60,44
,0.655332302936631,0.622641509433962,4.63,41
,0.510046367851623,0.554545454545455,3.66,28
,0.443585780525502,0.623693379790941,4.37,28
,0.530139103554869,0.760932944606414,11.86,40
,0.369397217928903,0.665271966527197,5.48,25
,0.914081145584726,0.731070496083551,6.67,67
,0.365155131264917,0.620915032679739,4.32,23
,0.789976133651551,0.694864048338369,6.97,55
,0.649164677804296,0.654411764705882,5.24,42
,0.720763723150358,0.556291390728477,3.23,40
,0.548926014319809,0.604347826086956,4.09,33
,0.360381861575179,0.509933774834437,2.41,18
,0.281622911694511,0.627118644067797,4.93,18
,0.699635616110171,0.738964404478783,15.17,52
,0.548851527518287,0.728966973265682,7.17,40
,0.619513003375888,0.638184441550101,10.74,40
,0.404737873251586,0.653494425601114,5.23,26
,0.62735367937564,0.657640543232051,5.26,41
,0.528688150790758,0.68900826748776,13.24,36
,0.445211399545248,0.606430221306228,4.75,27
,0.718767678722845,0.65388524962731,8.14,47
,0.716724520883957,0.691564004625295,9.95,50
,0.694780010185544,0.685115631052163,11.49,48
,0.463583841605586,0.524385820941045,5.34,24
,0.382501766391936,0.48410247910333,4.42,19
,0.350027447565331,0.571692032844983,10.43,20
,0.302869122240166,0.573843935319747,6.52,17
,0.305364201858103,0.623305663213525,5.36,19
,0.780429594272076,0.761467889908257,12.45,59
,0.816229116945107,0.687134502923977,8.39,56
,0.902147971360382,0.767195767195767,11.15,69
,0.909307875894988,0.795275590551181,15.15,72
,0.756563245823389,0.694006309148265,7.33,53
,0.916467780429594,0.71875,5.52,66
,0.775656324582339,0.630769230769231,6.61,49
,0.682029822049653,0.59237005752697,4.07,40
,0.338940236753323,0.417830736731649,1.30,14
,0.330480824380135,0.403147087446969,1.79,13
,0.554479545778562,0.45686547276443,2.33,25
,0.63135593220339,0.684563758389262,7.29,43
,0.804071246819338,0.75,7.41,60
,0.789855072463768,0.700305810397553,5.45,55
,0.82442748091603,0.719135802469136,6.47,59
,0.75,0.717514124293785,5.29,54
,0.491525423728814,0.543103448275862,3.50,27
,0.733050847457627,0.734104046242775,7.47,54
,0.605932203389831,0.685314685314685,7.00,42
,0.591787439613527,0.697959183673469,6.84,41
,0.639593908629442,0.646825396825397,4.29,41
,0.571065989847716,0.622222222222222,3.33,36
,0.459390862944162,0.635359116022099,4.11,29
,0.682741116751269,0.75092936802974,10.10,51
,0.763523956723338,0.637651821862348,4.92,49
,0.749613601236476,0.725773195876289,8.80,54
,0.653786707882535,0.756501182033097,9.14,49
,0.494590417310665,0.70625,6.85,35
,0.469860896445131,0.625,4.22,29
,0.445131375579598,0.614583333333333,6.10,27
,0.323029366306028,0.511961722488038,3.34,17
,0.261205564142195,0.49112426035503,2.52,13
,0.734157650695518,0.808421052631579,13.71,59
,0.395672333848532,0.65625,6.22,26
,0.326120556414219,0.578199052132701,2.98,19
,0.482608695652174,0.477477477477478,3.12,23
,0.427230046948357,0.510989010989011,3.21,22
,0.577464788732395,0.544715447154472,3.72,31
,0.42,0.49,2.29,21
,0.41304347826087,0.526315789473684,2.38,22
,0.577464788732395,0.654471544715447,7.32,38
,0.36,0.45,2.64,16
,0.476525821596244,0.660098522167488,6.38,31
,0.45260663507109,0.591623036649215,4.71,27
,0.488479262672811,0.669811320754717,7.10,33
,0.46,0.64,4.88,29
,0.43,0.7,8.00,30
,0.756809338521401,0.683804627249357,6.19,52
,0.747081712062257,0.567708333333333,5.19,42
,0.704280155642023,0.577348066298343,4.98,41
,0.642023346303502,0.542424242424242,5.11,35
,0.632295719844358,0.513846153846154,3.41,32
,0.593385214007782,0.498360655737705,3.17,30
,0.542801556420233,0.465949820788531,2.55,25
,0.533073929961089,0.489051094890511,3.44,26
,0.523346303501946,0.50185873605948,3.21,26
,0.470817120622568,0.40495867768595,1.61,19
,0.463035019455253,0.445378151260504,2.52,21
,0.439688715953307,0.469026548672566,2.52,21
,0.400778210116732,0.383495145631068,1.44,15
,0.319066147859922,0.426829268292683,1.89,14
,0.266536964980545,0.503649635036496,2.76,13
,0.63,0.65,5.94,41
,0.67,0.6,3.82,40
,0.43,0.65,6.27,28
,0.22,0.59,6.44,13
,0.39,0.61,4.59,24
,0.580097087378641,0.615062761506276,5.25,36
,0.515965151216211,0.655268986735036,5.22,34
,0.451649324342474,0.502737889884667,2.61,23
,0.314347404346495,0.507065771184678,2.15,16
,0.46,0.73,6.11,34
,0.84,0.73,7.73,61
,0.793103448275862,0.755434782608696,13.90,60
,0.810344827586207,0.686170212765958,6.14,56
,0.754342431761786,0.588815789473684,3.89,44
,0.905707196029776,0.789041095890411,9.29,71
,0.741935483870968,0.642140468227425,7.38,48
,0.714640198511166,0.506944444444444,3.17,36
,0.655172413793104,0.631578947368421,5.05,41
,0.841191066997519,0.734513274336283,8.03,62
,0.387096774193548,0.5,2.52,19
,0.811414392059553,0.737003058103975,8.93,60
,0.771551724137931,0.748603351955307,8.38,58
,0.586206896551724,0.573529411764706,4.88,34
,0.47,0.51,3.36,24
,0.33,0.46,2.59,15
,0.72,0.63,4.20,45
,0.54,0.51,2.92,28
,0.606129,0.631086,4.68,38
,0.46,0.46,2.37,21
,0.68,0.59,3.98,40
,0.56,0.51,3.74,29
,0.5,0.5,3.04,25
,0.57,0.61,4.32,35
,0.695214,0.496377,2.45,35
,0.811083,0.642857,3.83,52
,0.755668,0.606667,4.33,46
,0.784211,0.530201,3.59,42
,0.778947,0.527027,3.00,41
,0.879093,0.544413,2.44,48
,0.798489,0.637224,5.18,51
,0.794737,0.642384,3.59,51
,0.438287,0.488506,3.04,21
,0.43073,0.444444,2.38,19
,0.63,0.6,4.43,38
,0.74,0.64,5.82,47
,0.66,0.57,4.08,38
,0.67,0.69,7.19,46
,0.65,0.57,3.72,37
,0.44,0.54,3.47,24
,0.46,0.59,4.59,27
,0.422457027055669,0.498443593989103,2.33,21
,0.345439933644649,0.419709710524574,1.39,14
,0.545850705408211,0.379438280706449,1.61,21
,0.803353103266026,0.785223826226189,6.49,63
,0.782381394397733,0.596644715306583,2.85,47
,0.764953575315738,0.611906106194495,4.19,47
,0.518729,0.56674,3.75,29
,0.634506,0.527728,2.48,33
,0.169126,0.610738,3.96,10
,0.58,0.48,2.14,28
,0.376489420602825,0.449997903472249,2.57,17
,0.348783716011287,0.532240065636066,2.55,19
,0.318087707763209,0.61107918506834,5.05,19
,0.227477947983566,0.53407575852876,2.96,12
,0.295215876968211,0.512900706090081,2.52,15
,0.420468645282157,0.530372588253785,2.29,22
,0.227746323546708,0.376884696310104,1.49,9
,0.591134323423931,0.642380381084078,6.05,38
,0.349944277417625,0.535835588847559,2.11,19
,0.545595389279093,0.499697451063105,2.24,27
,0.626856681054703,0.561439941085078,3.61,35
,0.443526665776275,0.422912269047316,2.29,19
,0.224255431363434,0.490641207723719,2.59,11
,0.722610722610723,0.480645161290323,2.92,35
,0.668141592920354,0.562913907284768,3.86,38
,0.470862470862471,0.475247524752475,2.53,22
,0.867132867132867,0.594086021505377,4.17,52
,0.581427179855539,0.589380247042023,4.78,34
,0.344807577489004,0.668928669022254,8.91,23
,0.646499723057332,0.648700561086461,6.44,42
,0.518867986141663,0.599430503780426,4.10,31
,0.654098083205066,0.643626475671707,7.61,42
,0.503411519901293,0.578226058474116,4.62,29
,0.865453571698101,0.701870803201986,8.60,61
,0.803753696015286,0.728850981035883,7.25,59
,0.634239002494248,0.587364641729691,2.94,37
,0.662457490615911,0.606915017269678,4.25,40
,0.800276482677062,0.723931538957096,8.88,58
,0.585249784343692,0.657537981291146,10.01,38
,0.857929332813738,0.659678217347702,5.62,57
,0.75006210870398,0.659163031751549,6.81,49
,0.793207855193525,0.632869479319511,6.69,50
,0.741665118438849,0.628199317357821,4.87,47
,0.705641783959655,0.582781936352238,3.52,41
,0.55679410220583,0.526789295474824,2.45,29
,0.361124967812902,0.516189435200752,2.25,19
,0.635517424198903,0.556881916614607,3.08,35
,0.438943636186685,0.563332633723975,3.03,25
,0.805635201607876,0.612034753090313,4.58,49
,0.218362282878412,0.431818181818182,1.36,9
,0.776785628878327,0.634450261458032,4.11,49
,0.699083620731005,0.605244409948609,4.27,42
,0.642470688277214,0.602223351902795,3.82,39
,0.652623919419896,0.584666453456119,4.67,38
,0.497924154266235,0.472286999665263,2.86,24
,0.732223825702993,0.712300376835826,6.83,52
,0.841038125924214,0.71180750530354,8.67,60
,0.642419782641942,0.585176855136033,4.36,38
,0.29797342080608,0.51046005271823,2.70,15
,0.506459535280683,0.508107259203284,2.84,26
,0.540483511970226,0.594591718591485,5.23,32
,0.539269623215613,0.57340604475941,4.29,31
,0.628069065924349,0.59227703976713,4.50,37
,0.691007034875004,0.604345128876035,4.64,42
,0.81337250266543,0.630929434169297,5.59,51
,0.302921351912967,0.618921513804212,4.00,19
,0.561172718455896,0.558213507890697,2.73,31
,0.488484533683241,0.595895343396366,3.87,29
,0.78,0.69,7.00,54
,0.76,0.66,6.40,50
,0.57,0.63,5.93,36
,0.72,0.57,4.31,41
,0.75,0.62,4.25,47
,0.8,0.75,7.60,60
,0.71,0.55,2.62,39
,0.35,0.46,3.33,16
,0.8,0.59,3.82,47
,0.63,0.56,3.80,35
,0.4,0.47,2.46,19
,0.38,0.53,3.30,20
,0.64,0.45,1.77,29
,0.739454094292804,0.624161073825503,4.54,46
,0.625,0.648275862068966,6.71,41
,0.446650124069479,0.516666666666667,2.58,23
,0.53448275862069,0.508064516129032,2.17,27
,0.663793103448276,0.642857142857143,4.50,43
,0.774193548387097,0.608974358974359,6.33,47
,0.903225806451613,0.681318681318681,4.28,62
,0.689826302729529,0.489208633093525,2.16,34
,0.742316784869976,0.595541401273885,3.98,44
,0.54,0.65,3.92,35
,0.566428123119797,0.68746566253511,5.90,39
,0.75,0.58,3.76,44
,0.44,0.61,3.80,27
,0.44,0.64,4.44,28
,0.844898822997848,0.616466875000316,3.08,52
,0.661705207513976,0.607478909053276,3.65,40
,0.392265755076461,0.420211426431877,1.68,16
,0.660415391144718,0.510232457918243,2.65,34
,0.839826884042284,0.623002350600933,4.28,52
,0.734319400453911,0.610191490856656,4.38,45
,0.800583616142982,0.63884939822955,3.99,51
,0.537712800909236,0.483952279179345,2.23,26
,0.804081161846016,0.552296863906422,2.63,44
,0.766749379652605,0.624595469255663,4.49,48
,0.444168734491315,0.424581005586592,1.81,19
,0.446650124069479,0.516666666666667,2.38,23
,0.679900744416874,0.54014598540146,3.36,37
,0.444168734491315,0.513966480446927,3.17,23
,0.603448275862069,0.621428571428571,4.14,38
,0.306034482758621,0.507042253521127,3.60,16
,0.396986438674769,0.382829321307984,1.41,15
,0.728686662358989,0.494820354570785,2.44,36
,0.738856228727148,0.502815496331031,3.16,37
,0.70665367810176,0.495341329728027,2.49,35
,0.350471484999305,0.374611067813176,1.35,13
,0.664166630666567,0.488549118839576,2.48,32
,0.338112220912252,0.355075464453292,1.34,12
,0.583839795858604,0.508765764873289,2.20,30
,0.523417070102205,0.498292501231493,2.67,26
,0.292571641005459,0.457581860430382,3.13,13
,0.369069577040248,0.518560738529312,4.01,19
,0.527282109005654,0.522403603788648,3.52,28
,0.687612208998274,0.495920482920151,2.25,34
,0.496022288019365,0.504769925760104,2.32,25
,0.850914865960926,0.563829262284272,3.50,48
,0.870917369230569,0.623372593420448,2.76,54
,0.798013910674224,0.546470395769631,2.39,44
,0.739373404736832,0.509118594720559,2.38,38
,0.226107226107226,0.402061855670103,1.56,9
,0.43,0.45,2.08,19
,0.355278,0.571885,3.81,20
,0.373439,0.601824,4.60,22
,0.283768,0.624,5.57,18
,0.594117984140075,0.592931168558896,4.71,35
,0.534425575430735,0.611458859490697,5.30,33
,0.435213507152077,0.521953533958138,3.29,23
,0.435403068443665,0.672700921987373,5.52,29
,0.745787913465655,0.606968701350612,4.17,45
,0.583383294216108,0.618095329463461,4.32,36
,0.420302837210483,0.551852860069399,3.72,23
,0.598379210716905,0.565903669325605,3.32,34
,0.831539758097606,0.623754176672606,3.90,52
,0.841708486137657,0.548313794638313,2.96,46
,0.650550638952616,0.639284436912734,8.16,42
,0.752389519483968,0.715749259179915,6.27,54
,0.700326544026022,0.483269216048973,2.42,34
,0.784987661502481,0.51538249257656,2.48,40
,0.734060884084761,0.689262259473778,4.30,51
,0.790477217499362,0.566353798112443,4.57,45
,0.512559576588604,0.426855118423211,1.46,22
,0.893282673291929,0.607754525819288,4.02,54
,0.630312642323072,0.498970941866399,2.96,31
,0.853111560163884,0.665823770846095,5.58,57
,0.711695150610025,0.594354406642943,5.37,42
,0.327695913176244,0.490506355462734,1.65,16
,0.652607472715066,0.527749667802599,2.30,34
,0.251619680828797,0.480515921285746,2.24,12
,0.398518485057422,0.492537872047712,1.92,20
,0.532018190647562,0.475863762810922,2.38,25
,0.698159799760182,0.771350153993598,16.16,54
,0.869544357188093,0.657017931563407,6.02,57
,0.681775230426523,0.569686414382545,4.26,39
,0.927183033791303,0.802673277044306,10.79,74
,0.836626920939883,0.722987317883616,6.67,60
,0.803386625939929,0.563247769856582,3.92,45
,0.631455399061033,0.576208178438662,5.34,36
,0.178260869565217,0.463414634146341,2.71,8
,0.38695652173913,0.48314606741573,2.53,19
,0.335680751173709,0.587412587412588,3.82,20
,0.326086956521739,0.373333333333333,1.65,12
,0.673708920187794,0.550522648083624,3.36,37
,0.21,0.48,2.30,10
,0.793427230046948,0.644970414201183,5.74,51
,0.556338028169014,0.620253164556962,5.07,35
,0.526086956521739,0.570247933884297,3.45,30
,0.34,0.52,2.05,18
,0.543478260869565,0.552,2.76,30
,0.788732394366197,0.595238095238095,3.85,47
,0.783836617719802,0.749100135814912,8.63,59
,0.53,0.53,3.24,28
,0.278081043272415,0.478697604466491,2.59,13
,0.579737045100219,0.568679888600527,3.30,33
,0.57,0.68,5.35,39
,0.59,0.61,4.28,36
,0.81,0.68,4.89,55
,0.57,0.65,7.08,37
,0.76,0.55,3.34,42
,0.63,0.65,6.38,41
,0.73,0.6,4.52,44
,0.563898632014045,0.620569450969359,4.39,35
,0.726055920981405,0.669180825535271,5.81,49
,0.527480870257086,0.503019475082524,2.19,27
,0.728276209484157,0.639048559212447,3.85,47
,0.53290682740006,0.51867048935713,2.84,28
,0.757014682864826,0.739360977330168,9.49,56
,0.679430390464892,0.617931595959988,3.69,42
,0.61,0.58,2.65,35
,0.44,0.64,4.84,28
,0.319387127656099,0.577601650324335,4.18,18
,0.408104052405055,0.559808083884847,3.22,23
,0.29,0.49,2.54,14
,0.272620704372983,0.461668647478378,2.39,13
,0.49,0.59,3.65,29
,0.42605603229605,0.387526947078298,1.39,17
,0.708480821767143,0.48045389242364,2.73,34
,0.768665915429879,0.519514105987375,2.18,40
,0.402940311828899,0.504641772549007,2.34,20
,0.936521351454199,0.652671740648361,4.50,61
,0.535932086651224,0.546314475664402,3.10,29
,0.360202,0.426573,1.69,15
,0.521739130434783,0.541666666666667,2.83,28
,0.821739130434783,0.560846560846561,2.04,46
,0.708920187793427,0.619205298013245,4.45,44
,0.7981220657277,0.614705882352941,3.67,49
,0.795652173913043,0.628415300546448,3.59,50
,0.812206572769953,0.621387283236994,4.39,50
,0.708695652173913,0.668711656441718,4.74,47
,0.814553990610329,0.685878962536023,5.29,56
,0.824144525561067,0.618562174647492,4.67,51
,0.715781128780121,0.577301339023393,3.71,41
,0.678414211552597,0.558511891162593,3.71,38
,0.474728465700942,0.547149226123398,3.78,26
,0.458498,0.478448,2.36,22
,0.519763,0.528517,3.48,27
,0.814229,0.740291,6.93,60
,0.43913,0.524752,2.94,23
,0.443478,0.431373,1.83,19
,0.395652,0.461538,1.68,18
,0.534782608695652,0.642276422764228,5.27,34
,0.794466403162055,0.634328358208955,4.40,50
,0.823678,0.53211,2.42,44
,0.631579,0.65,3.90,41
,0.84131,0.676647,5.02,57
,0.576826,0.58952,3.75,34
,0.668421,0.653543,5.93,44
,0.617128,0.465306,2.00,29
,0.575099,0.587629,4.38,34
,0.834783,0.625,3.08,52
,0.743478,0.625731,4.12,47
,0.826087,0.633971,5.64,52
,0.752174,0.618497,4.46,47
,0.764822,0.614987,4.96,47
,0.686957,0.639241,5.61,44
,0.591553755071588,0.606048843218593,5.09,36
,0.574289318038753,0.595024621749749,3.13,34
,0.628540716607085,0.62896041427011,3.66,40
,0.717666706635371,0.571290822084557,3.57,41
,0.502549120026611,0.609753633402066,3.47,31
,0.55,0.61,4.55,34
,0.61,0.61,7.03,37
,0.5,0.57,3.95,29
,0.600454,0.642722,4.93,39
,0.59,0.59,4.50,35
,0.645390070921986,0.527472527472527,3.60,34
,0.62,0.67,4.66,42
,0.796690307328605,0.57566765578635,3.59,46
,0.713516518161582,0.674543226566387,7.59,48
,0.503817242185971,0.632718763754198,5.53,32
,0.77,0.64,3.96,49
,0.791962174940898,0.635820895522388,4.35,50
,0.6,0.64,4.10,38
,0.81,0.62,3.48,50
,0.695035460992908,0.571428571428571,3.17,40
,0.649960830336056,0.59966534005623,4.85,39
,0.90307328605201,0.680628272251309,4.48,61
,0.396141,0.627507,4.87,25
,0.74,0.46,1.50,34
,0.430193,0.620053,4.70,27
,0.66068855998868,0.549752992370653,3.00,36
,0.581663619890023,0.589665433520314,4.25,34
,0.389571636084415,0.608551465115594,3.33,24
,0.383595892831808,0.515035374020052,1.77,20
,0.603916060683366,0.545975924972841,2.40,33
,0.571191009476862,0.487936347461325,2.18,28
,0.54,0.55,3.09,30
,0.694835680751174,0.641891891891892,5.28,45
,0.534782608695652,0.666666666666667,4.32,36
,0.673913043478261,0.6,3.00,40
,0.569565217391304,0.656488549618321,6.62,37
,0.195652,0.488889,2.44,10
,0.272727,0.449275,1.51,12
,0.632411,0.421875,1.61,27
,0.310277,0.426752,1.31,13
,0.213043,0.469388,2.09,10
,0.766232412196398,0.713817819650042,8.89,55
,0.828430814559545,0.604217272451798,4.27,50
,0.84575753484114,0.653168633158256,5.15,55
,0.8193607518658,0.648812270783037,3.57,53
,0.435403068443665,0.652617462876345,6.87,28
,0.743478,0.672515,5.75,50
,0.517787,0.48855,2.33,25
,0.780632,0.713924,9.72,56
,0.798419,0.663366,6.09,53
,0.726087,0.610778,4.43,44
,0.737154,0.715818,8.90,53
,0.621739,0.573427,2.10,36
,0.643478,0.702703,6.50,45
,0.551637,0.616438,7.11,34
,0.891688,0.672316,5.41,60
,0.5,0.589474,3.29,29
,0.675063,0.720149,7.72,49
,0.38539,0.470588,2.32,18
,0.874055,0.67147,6.47,59
,0.694737,0.674242,5.93,47
,0.61461,0.528689,3.49,32
,0.586902,0.613734,4.33,36
,0.730479,0.637931,5.44,47
,0.668421,0.622047,7.18,42
,0.861461,0.792398,11.78,68
,0.5,0.59,7.40,30
,0.665168539325843,0.398648648648649,1.59,27
,0.323277754646684,0.694326181662234,5.00,22
,0.377287901570534,0.631867064105907,4.86,24
,0.51,0.56,4.21,29
,0.285663902045363,0.5783989787852,3.40,17
,0.299610894941634,0.62987012987013,5.71,19
,0.423558885849209,0.507599462858796,2.82,21
,0.326848249027237,0.523809523809524,3.14,17
,0.673151750972763,0.679190751445087,5.60,46
,0.834335986950663,0.661429797444137,5.38,55
,0.270642201834862,0.5,2.36,14
,0.736238532110092,0.672897196261682,6.35,50
,0.490825688073395,0.649532710280374,5.56,32
,0.580275229357798,0.632411067193676,5.52,37
,0.665137614678899,0.675862068965517,4.45,45
,0.23857477795934,0.58801978742569,4.02,14
,0.621759828192448,0.6306910627961,5.05,39
,0.692692161755428,0.665725862070887,8.06,46
,0.374569119972139,0.615659150027093,2.90,23
,0.523830809082667,0.639399645696076,3.67,33
,0.483881843306377,0.507687283673797,2.39,25
,0.643103211982349,0.749675070550683,7.75,48
,0.486609141692094,0.729896948973679,11.44,36
,0.444167801034969,0.580303217620461,4.85,26
,0.523380532579255,0.562571328471101,3.44,29
,0.514271598613088,0.659656219691985,5.63,34
,0.783538932970419,0.730493432104349,7.21,57
,0.635537753255064,0.700741867701349,5.57,45
,0.653284979332193,0.638054812255268,3.96,42
,0.735381822110945,0.71098128752147,7.25,52
,0.430987034428233,0.594448111310846,4.01,26
,0.52853724749247,0.61721848248827,4.81,33
,0.560072830761939,0.516749234298658,2.60,29
,0.773315966584066,0.550209390832891,3.30,43
,0.546917034195227,0.628110209693278,4.41,34
,0.62,0.6,3.70,37
,0.884126670909982,0.605222556677196,3.17,54
,0.833807299777603,0.613105048660368,5.55,51
,0.647841231856535,0.522014942244231,3.86,34
,0.584000785067084,0.497814619774902,3.18,29
,0.538761105003125,0.507528375349842,3.12,27
,0.377601856274713,0.447130846418999,2.02,17
,0.800324827211542,0.654160211278315,6.12,52
,0.430987034428233,0.594448111310846,4.01,26
,0.820460358069534,0.582450124710079,3.67,48
,0.897570332491926,0.599943011859562,3.84,54
,0.659974424544145,0.563456694442615,3.43,37
,0.911892583117675,0.705651381301383,6.46,64
,0.74757033248768,0.587239137877422,4.02,44
,0.54126213592233,0.62780269058296,4.83,34
,0.536407766990291,0.638009049773756,6.41,34
,0.745145631067961,0.684039087947883,6.77,51
,0.652912621359223,0.568773234200743,3.40,37
,0.54126213592233,0.659192825112108,4.90,36
,0.478155339805825,0.614213197969543,4.84,29
,0.771844660194175,0.770440251572327,11.67,59
,0.506912442396313,0.609090909090909,4.79,31
,0.40521327014218,0.52046783625731,2.87,21
,0.258294,0.486239,3.79,13
,0.63,0.73,11.57,46
,0.42,0.66,6.95,28
,0.56,0.69,7.73,39
,0.487757331794037,0.487649472983131,2.46,24
,0.800871452721422,0.552612286323678,2.68,44
,0.66,0.76,9.18,50
,0.51,0.53,3.23,27
,0.78,0.74,8.01,58
,0.84,0.77,7.33,65
,0.86,0.67,5.57,58
,0.83,0.67,7.15,56
,0.78,0.67,5.66,52
,0.67,0.62,5.08,42
,0.641156462585034,0.620689655172414,4.33,40
,0.482993197278912,0.623239436619718,5.53,30
,0.723684210526316,0.44578313253012,4.26,32
,0.86,0.8,12.45,69
,0.66156462585034,0.673521850899743,4.68,45
,0.39,0.58,4.59,23
,0.496598639455782,0.503424657534247,2.67,25
,0.6,0.56,3.33,34
,0.530425773690102,0.570779190427046,3.69,30
,0.4649521365191,0.561738498257652,3.99,26
,0.859350564206653,0.559860833734367,3.60,48
,0.84847837886675,0.539733319480922,3.42,46
,0.795931106201443,0.569461764319356,4.09,45
,0.704992925982276,0.621823048049927,3.67,44
,0.697462600184002,0.603593577562423,2.91,42
,0.539051993079987,0.473086902474495,2.34,26
,0.748832928049264,0.41817380274164,1.76,31
,0.483486957599323,0.361708840632505,1.28,17
,0.47,0.52,3.40,24
,0.38,0.59,5.54,22
,0.2,0.38,2.39,8
,0.38,0.55,2.85,21
,0.51,0.46,2.24,23
,0.45,0.49,2.82,22
,0.45,0.63,4.67,28
,0.39,0.53,2.67,21
,0.37,0.69,4.60,26
,0.35,0.68,5.94,24
,0.63,0.62,5.31,39
,0.6,0.56,3.98,34
,0.53,0.56,3.36,30
,0.53,0.5,2.31,27
,0.47,0.58,3.89,27
,0.47,0.67,6.00,31
,0.172815533980583,0.426966292134831,1.65,7
,0.312621359223301,0.503105590062112,2.89,16
,0.710679611650486,0.609289617486339,5.19,43
,0.120388349514563,0.483870967741935,1.58,6
,0.759223300970874,0.677749360613811,7.79,51
,0.405339805825243,0.497005988023952,2.59,20
,0.327669902912621,0.548148148148148,4.11,18
,0.478155339805825,0.527918781725888,3.15,25
,0.339805825242719,0.621428571428571,4.35,21
,0.725728155339806,0.722408026755853,6.75,52
,0.703883495145631,0.613793103448276,4.56,43
,0.672330097087379,0.657039711191336,7.00,44
,0.526699029126214,0.543778801843318,3.47,29
,0.480582524271845,0.626262626262626,5.17,30
,0.478155339805825,0.482233502538071,2.16,23
,0.322815533980582,0.571428571428571,4.22,18
,0.259708737864078,0.598130841121495,3.56,16
,0.237864077669903,0.479591836734694,2.04,11
,0.839805825242718,0.725433526011561,7.38,61
,0.470873786407767,0.582474226804124,5.14,27
,0.225728155339806,0.505376344086022,3.36,11
,0.710144927536232,0.608843537414966,4.07,43
,0.743961352657005,0.457792207792208,2.35,34
,0.464,0.474137931034483,2.29,22
,0.29951690821256,0.435483870967742,2.57,13
,0.765700483091787,0.482649842271294,2.04,37
,0.336,0.511904761904762,2.53,17
,0.468599033816425,0.474226804123711,1.67,22
,0.648,0.530864197530864,2.97,34
,0.384,0.489583333333333,2.94,19
,0.688,0.61046511627907,4.38,42
,0.601449275362319,0.578313253012048,3.06,35
,0.716,0.508379888268156,2.17,36
,0.893719806763285,0.659459459459459,5.81,59
,0.768,0.583333333333333,3.20,45
,0.794685990338164,0.434650455927052,2.04,35
,0.668,0.550898203592814,2.49,37
,0.8,0.525,2.44,42
,0.544,0.544117647058824,2.39,30
,0.920289855072464,0.532808398950131,3.08,49
,0.570048309178744,0.394067796610169,1.60,22
,0.673267326732673,0.720588235294118,9.80,49
,0.82640586797066,0.571005917159763,3.71,47
,0.623762376237624,0.587301587301587,2.96,37
,0.797029702970297,0.652173913043478,4.04,52
,0.684596577017115,0.628571428571429,5.50,43
,0.841075794621027,0.593023255813953,5.10,50
,0.909535452322738,0.655913978494624,4.88,60
,0.263056092843327,0.632352941176471,3.91,17
,0.470019342359768,0.580246913580247,3.44,27
,0.315280464216634,0.484662576687117,2.63,15
,0.759048011457005,0.542090546895664,2.79,41
,0.814903091490158,0.603515938898275,3.13,49
,0.82955356013706,0.663237995420694,4.99,55
,0.701163307599898,0.742249567210189,11.67,52
,0.689039879334212,0.83736673832998,18.96,58
,0.388888888888889,0.571428571428571,6.13,22
,0.792270531400966,0.649390243902439,4.63,51
,0.745689655172414,0.543352601156069,2.94,41
,0.918103448275862,0.666666666666667,6.17,61
,0.932367149758454,0.632124352331606,3.30,59
,0.770531400966184,0.620689655172414,4.95,48
,0.676328502415459,0.6,4.42,41
,0.853448275862069,0.651515151515152,5.61,56
,0.3,0.65,5.67,20
,0.42,0.64,4.90,27
,0.33,0.66,6.33,22
,0.516666666666667,0.626728110599078,4.12,32
,0.842857142857143,0.550847457627119,2.50,46
,0.438095238095238,0.576086956521739,2.86,25
,0.48,0.66,9.39,32
,0.64,0.59,4.14,38
,0.5,0.51,3.34,26
,0.469827586206897,0.504587155963303,2.50,24
,0.685990338164251,0.637323943661972,6.96,44
,0.596618357487923,0.603238866396761,4.03,36
,0.545893719806763,0.508849557522124,3.03,28
,0.884057971014493,0.579234972677596,3.93,51
,0.495689655172414,0.469565217391304,2.16,23
,0.926304981124268,0.746429087620119,7.15,69
,0.923056511125562,0.760104273451506,8.42,70
,0.899279034432019,0.606825169153823,2.81,55
,0.806958838512273,0.655103018404227,3.59,53
,0.708049379145356,0.695382612152381,7.68,49
,0.816455848552478,0.714710855974272,7.71,58
,0.833025756121213,0.665023267086116,4.57,55
,0.933548621621301,0.782185834349549,9.79,73
,0.87372798671263,0.733923014838007,5.42,64
,0.66251497596012,0.736967930808742,10.11,49
,0.665519109211775,0.472837229703307,1.82,31
,0.71,0.62,4.19,44
,0.82686676201278,0.540199114434385,3.25,45
,0.812840322856144,0.504645015067286,3.41,41
,0.763605442176871,0.623608017817372,4.52,48
,0.56,0.51,2.68,29
,0.894736842105263,0.727941176470588,7.07,65
,0.603741496598639,0.569014084507042,5.05,34
,0.8,0.61,5.12,49
,0.67687074829932,0.565326633165829,3.31,38
,0.554421768707483,0.570552147239264,3.00,32
,0.549319727891156,0.510835913312694,3.11,28
,0.740476190476191,0.511254019292605,2.65,38
,0.576190476190476,0.508264462809917,2.41,29
,0.638095238095238,0.619402985074627,3.86,40
,0.685374149659864,0.612903225806452,5.15,42
,0.358552631578947,0.681818181818182,2.56,24
,0.68,0.59,4.19,40
,0.346938775510204,0.534313725490196,3.89,19
,0.363565799143563,0.647603760167685,4.88,24
,0.372412198723838,0.605379942579076,3.44,23
,0.363920278944896,0.667972581528211,6.54,24
,0.420621110837516,0.651602027685803,4.54,27
,0.290775279132865,0.526428778662979,3.60,15
,0.365940596049519,0.548211393936828,3.64,20
,0.542381026500268,0.602907649542363,7.48,33
,0.845788172496464,0.688804114499899,6.58,58
,0.649256876581841,0.585932172692185,5.04,38
,0.566709957831704,0.621930715392031,4.37,35
,0.511467889908257,0.614349775784753,3.81,31
,0.362385321100917,0.563291139240506,3.87,20
,0.470183486238532,0.565853658536586,3.63,27
,0.2,0.44,2.58,9
,0.581761120981672,0.548905759537674,2.80,32
,0.571100917431193,0.542168674698795,2.55,31
,0.724770642201835,0.588607594936709,3.88,43
,0.642201834862385,0.653571428571429,4.69,42
,0.32,0.64,6.41,20
,0.54,0.67,5.82,36
,0.4,0.65,5.07,26
,0.31,0.68,10.90,21
,0.758454106280193,0.496815286624204,2.84,38
,0.722222222222222,0.525083612040134,2.53,38
,0.888111888111888,0.640419947506562,3.25,57
,0.547785547785548,0.553191489361702,5.91,30
,0.761061946902655,0.656976744186047,5.65,50
,0.654228855721393,0.608365019011407,4.85,40
,0.324626865671642,0.586206896551724,4.64,19
,0.317164179104478,0.576470588235294,5.44,18
,0.651741293532338,0.66030534351145,6.92,43
,0.358208955223881,0.590277777777778,5.67,21
,0.641791044776119,0.645348837209302,6.53,41
,0.350746268656716,0.659574468085106,4.77,23
,0.725302519559065,0.737788034605035,7.16,54
,0.560862422855031,0.609883270985892,3.79,34
,0.800423267353425,0.832345744629776,12.40,67
,0.697761194029851,0.716577540106952,9.57,50
,0.288557213930348,0.594827586206897,3.83,17
,0.600746268656716,0.739130434782609,9.15,44
,0.751243781094528,0.754966887417219,7.86,57
,0.674129353233831,0.708487084870849,8.73,48
,0.552238805970149,0.635135135135135,4.48,35
,0.228855721393035,0.597826086956522,3.67,14
,0.534403669724771,0.579399141630901,3.29,31
,0.405963302752294,0.649717514124294,5.48,26
,0.45747949291277,0.720462102939865,11.60,33
,0.643592524799166,0.676250399395427,6.70,44
,0.806999299483075,0.699254091190747,5.79,56
,0.857701850720851,0.768866378547786,11.55,66
,0.78927575531534,0.707346178494711,8.74,56
,0.642743813356911,0.657378114912506,7.82,42
,0.618068041863643,0.629803945619718,6.08,39
,0.464070844112468,0.556694473458538,4.10,26
,0.746268656716418,0.65,6.29,49
,0.746268656716418,0.613333333333333,5.58,46
,0.830845771144279,0.751497005988024,10.46,62
,0.779850746268657,0.727272727272727,6.33,57
,0.675373134328358,0.613259668508287,3.36,41
,0.712686567164179,0.780104712041885,9.93,56
,0.66044776119403,0.774011299435028,8.56,51
,0.649253731343284,0.555555555555556,4.14,36
,0.614427860696517,0.574898785425101,4.30,35
,0.742537313432836,0.743718592964824,6.73,55
,0.48134328358209,0.658914728682171,6.07,32
,0.798507462686567,0.791277258566978,13.37,63
,0.532338308457711,0.616822429906542,4.26,33
,0.582089552238806,0.623931623931624,5.62,36
,0.48134328358209,0.511627906976744,2.36,25
,0.6,0.54,4.76,32
,0.629647962272709,0.569068129170157,5.00,36
,0.620622568093385,0.652037617554859,8.32,40
,0.86834999123076,0.809142340819979,13.00,70
,0.677092466199265,0.701476019826645,10.01,47
,0.820116825348669,0.661529070132009,6.51,54
,0.721789883268483,0.706199460916442,6.72,51
,0.659533073929961,0.716814159292035,10.57,47
,0.673151750972763,0.687861271676301,6.10,46
,0.534930712810822,0.601187978753823,4.37,32
,0.814655157174434,0.77795482177802,12.57,63
,0.552399700215026,0.591733897098357,4.20,33
,0.805954700945741,0.696670634265539,7.51,56
,0.91041170381163,0.867932631381818,17.02,79
,0.879657147383749,0.794720263282684,11.28,70
,0.81,0.7,10.98,57
,0.74,0.64,4.48,47
,0.42,0.59,4.33,25
,0.624758220502901,0.69969040247678,10.27,44
,0.55899419729207,0.567474048442907,3.81,32
,0.408571428571429,0.496503496503496,3.38,20
,0.182857142857143,0.640625,5.86,12
,0.642166344294004,0.674698795180723,7.47,43
,0.34816247582205,0.522222222222222,3.48,18
,0.69825918762089,0.734072022160665,10.60,51
,0.657142857142857,0.673913043478261,7.05,44
,0.454285714285714,0.616352201257862,5.44,28
,0.725714285714286,0.728346456692913,9.25,53
,0.657142857142857,0.691304347826087,8.83,45
,0.638708658738015,0.686498573804859,6.46,44
,0.730450183742422,0.732840824391648,7.23,54
,0.758841346153845,0.633842079587429,4.28,48
,0.795350961538461,0.509469090205704,2.70,41
,0.482225961538461,0.676420446048475,4.79,33
,0.477552884615384,0.491618930646023,2.89,23
,0.888038599507404,0.714696853716109,6.68,63
,0.531220022334762,0.637808548610396,6.65,34
,0.893776858247212,0.772099706157136,6.04,69
,0.819327942057358,0.813442704935687,13.12,67
,0.875303911330971,0.713736294486358,5.05,62
,0.591987601564098,0.569100478325513,4.41,34
,0.751272005207018,0.762454360986205,15.52,57
,0.599683044847464,0.651217163031961,8.05,39
,0.407773314313375,0.683846732622554,5.30,28
,0.880308211969862,0.723578743159572,6.00,64
,0.911797458850077,0.838525685460621,11.51,76
,0.49,0.62,5.25,30
,0.53,0.44,2.19,23
,0.5,0.53,2.73,27
,0.75,0.62,4.00,47
,0.683218899743265,0.630612983652037,5.77,43
,0.731777634840883,0.583866743171313,3.62,43
,0.68,0.69,9.15,47
,0.609057013091014,0.706474329014522,9.16,43
,0.852391024335631,0.609539655249983,3.52,52
,0.523536421794529,0.614595873403169,6.86,32
,0.793069396427072,0.648171143478985,5.35,51
,0.55,0.68,10.86,37
,0.807107314760043,0.578977694608865,3.52,47
,0.457088558972335,0.586139491017117,4.45,27
,0.438235294123391,0.475342865495163,2.32,21
,0.777109974456354,0.602270857364955,3.60,47
,0.354092071633436,0.500541711840881,2.44,18
,0.592199488520005,0.571150939346745,3.08,34
,0.409846547320062,0.509516380640489,2.58,21
,0.76547314581232,0.534246575369817,2.58,41
,0.86231884057971,0.521008403361345,2.66,45
,0.72,0.511111111111111,2.04,37
,0.879227053140097,0.662087912087912,6.89,58
,0.842995169082126,0.426934097421203,1.71,36
,0.7,0.434285714285714,1.46,30
,0.716,0.53072625698324,2.57,38
,0.49,0.55,5.37,27
,0.13981,0.542373,3.56,8
,0.262672811059908,0.649122807017544,6.17,17
,0.423963133640553,0.597826086956522,3.44,25
,0.699052,0.60678,4.16,42
,0.360189573459716,0.598684210526316,4.14,22
,0.549763,0.603448,4.83,33
,0.549323017408124,0.633802816901409,6.00,35
,0.518375241779497,0.608208955223881,3.70,32
,0.597142857142857,0.741626794258373,9.12,44
,0.384912959381045,0.587939698492462,3.77,23
,0.551428571428571,0.585492227979275,3.90,32
,0.471098348389625,0.522494003606469,3.40,25
,0.64,0.56,3.43,36
,0.7,0.64,4.80,45
,0.63,0.55,3.14,35
,0.87,0.81,15.41,70
,0.71,0.66,5.86,47
,0.539891200829477,0.650490225059677,7.39,35
,0.437053307121295,0.629917294530654,5.40,28
,0.405564368518802,0.659463410940179,7.05,27
,0.578121709272421,0.727567873517508,9.04,42
,0.722322554405553,0.689312728265284,8.28,50
,0.49,0.77,13.77,38
,0.58661876031256,0.578181361533233,3.45,34
,0.346449068327921,0.456052986855574,2.54,16
,0.400227329221225,0.681181350174238,10.87,27
,0.232308770028268,0.647438416556226,6.67,15
,0.479173076923076,0.462304852109003,2.28,22
,0.356211538461538,0.565162230740163,4.22,20
,0.354687499999999,0.522710945442225,2.79,19
,0.444860576923076,0.518107445072464,3.04,23
,0.741495192307691,0.580155740415353,4.10,43
,0.398057692307691,0.613749456495485,3.97,24
,0.635071090047393,0.731343283582089,7.26,46
,0.56221198156682,0.770491803278688,11.75,43
,0.720379,0.641447,6.50,46
,0.476303,0.552239,3.96,26
,0.582938,0.626016,5.13,36
,0.635071,0.723881,10.21,46
,0.523697,0.624434,7.26,33
,0.324225994925113,0.549284393917068,4.21,18
,0.471264367816092,0.585365853658537,6.00,28
,0.287937743190662,0.608108108108108,3.75,18
,0.589494163424124,0.577557755775578,2.73,34
,0.343683897969656,0.566161098811343,3.79,19
,0.44294003868472,0.611353711790393,6.36,27
,0.457142857142857,0.61875,4.30,28
,0.286266924564797,0.527027027027027,2.60,15
,0.735009671179884,0.689473684210526,6.09,51
,0.303675048355899,0.496815286624204,2.23,15
,0.714833759598502,0.523434704830819,3.41,37
,0.410102301810683,0.507951356405437,2.32,21
,0.498081841447697,0.495763799751992,3.23,25
,0.792327365756826,0.556649451292879,2.89,44
,0.830818414345366,0.525473295395965,2.76,44
,0.771739130450472,0.649212924615579,5.34,50
,0.654603580580716,0.661066614592544,5.72,43
,0.585933503881853,0.533173286822975,3.49,31
,0.45,0.56,4.70,25
,0.21,0.38,2.00,8
,0.15,0.43,2.50,6
,0.37,0.56,4.65,21
,0.463414634146342,0.52046783625731,2.97,24
,0.319783197831978,0.466101694915254,2.20,15
,0.405825242718447,0.416267942583732,2.07,17
,0.664077669902913,0.552631578947368,3.86,37
,0.388349514563107,0.48,2.29,19
,0.774757281553398,0.614035087719298,4.90,48
,0.741747572815534,0.646596858638744,5.74,48
,0.604336043360434,0.654708520179372,6.35,40
,0.842721153846153,0.666214073000697,5.87,56
,0.903725961538462,0.744120228753823,8.86,67
,0.804687499999999,0.777421956684094,12.38,63
,0.644076923076921,0.565784366415863,3.83,36
,0.754360576923076,0.619029106413355,4.60,47
,0.909923076923077,0.713284089948431,8.26,65
,0.601274038461536,0.620165513932758,6.35,37
,0.879134615384615,0.659548288307995,6.68,58
,0.728624999999998,0.510596882959211,2.94,37
,0.728571428571429,0.565359477124183,2.88,41
,0.642857142857143,0.607407407407407,3.28,39
,0.747619047619048,0.554140127388535,2.90,41
,0.290953545232274,0.420168067226891,1.61,12
,0.679706601466993,0.575539568345324,4.44,39
,0.789731051344743,0.498452012383901,2.78,39
,0.643031784841076,0.566539923954373,4.14,36
,0.465346534653465,0.659574468085106,4.77,31
,0.728606356968215,0.503355704697987,2.68,37
,0.684596577017115,0.503571428571429,2.52,34
,0.65281173594132,0.558052434456929,3.17,36
,0.495049504950495,0.6,4.29,30
,0.534653465346535,0.62962962962963,4.53,34
,0.268446918719858,0.555990868257814,3.50,15
,0.3,0.52,2.24,16
,0.53,0.62,3.89,33
,0.562012930595303,0.615186401223678,4.59,35
,0.455593368389973,0.680528195604702,5.99,31
,0.612669214381121,0.688275068100704,4.34,42
,0.458620976590981,0.737629419770737,10.32,34
,0.399654671384568,0.700583004010516,4.44,28
,0.678585344525076,0.6766375361525,5.37,46
,0.77,0.66,5.54,51
,0.56,0.44,1.50,25
,0.69,0.49,2.21,34
,0.57,0.4,1.39,23
,0.44,0.43,1.44,19
,0.63,0.4,1.48,25
,0.48,0.39,1.37,19
,0.35,0.39,1.18,14
,0.48,0.6,2.89,29
,0.76,0.65,5.04,49
,0.73,0.7,6.04,51
,0.62,0.54,2.83,33
,0.58,0.56,2.40,32
,0.47,0.34,1.12,16
,0.68,0.57,5.83,39
,0.87,0.65,4.84,57
,0.73,0.6,5.60,44
,0.91,0.66,4.22,60
,0.78,0.66,6.19,51
,0.58,0.55,3.22,32
,0.75,0.65,5.00,49
,0.72,0.68,6.35,49
,0.54,0.62,4.44,33
,0.39,0.69,5.71,27
,0.6,0.67,5.51,40
,0.51,0.53,3.04,27
,0.54,0.58,3.90,31
,0.49,0.53,3.41,26
,0.42,0.5,3.22,21
,0.77,0.75,9.24,58
,0.55,0.45,2.06,25
,0.76,0.6,4.35,46
,0.92,0.69,5.71,63
,0.8,0.58,3.51,46
,0.68,0.56,3.50,38
,0.84,0.67,4.50,56
,0.73,0.55,3.00,40
,0.75,0.61,4.37,46
,0.63,0.48,1.95,30
,0.43,0.44,1.91,19
,0.51,0.57,3.35,29
,0.37,0.59,2.60,22
,0.17,0.58,3.71,10
,0.38,0.63,3.95,24
,0.68,0.59,3.85,40
,0.22,0.59,4.26,13
,0.61,0.5,2.33,31
,0.34,0.53,4.18,18
,0.84,0.66,5.51,55
,0.34,0.49,2.19,17
,0.37,0.42,1.40,16
,0.46,0.39,1.18,18
,0.36,0.44,1.64,16
,0.3,0.38,1.11,11
,0.82,0.74,12.24,61
,0.57,0.54,2.93,31
,0.54,0.61,4.35,33
,0.53,0.64,10.64,34
,0.74,0.66,4.68,49
,0.52,0.58,3.37,30
,0.34,0.49,2.00,17
,0.62,0.61,3.59,38
,0.73,0.66,4.65,48
,0.74,0.59,4.48,44
,0.65,0.61,3.50,40
,0.34,0.67,5.86,23
,0.75,0.61,5.05,46
,0.35,0.61,4.33,21
,0.29,0.51,2.57,15
,0.37,0.56,2.93,21
,0.28,0.58,3.40,16
,0.33,0.48,2.44,16
,0.21,0.52,2.42,11
,0.3,0.59,3.35,18
,0.4,0.57,4.15,23
,0.42,0.6,4.50,25
,0.3,0.52,2.80,16
,0.58,0.47,1.64,27
,0.27,0.59,4.46,16
,0.67,0.76,8.69,51
,0.7,0.62,4.11,43
,0.63,0.63,3.63,40
,0.56,0.51,2.67,29
,0.54,0.56,3.12,30
,0.5,0.41,1.53,21
,0.38,0.5,2.31,19
,0.77,0.42,1.17,32
,0.36,0.51,1.96,18
,0.9,0.72,5.81,65
,0.47,0.45,1.74,21
,0.17,0.5,2.41,9
,0.62,0.57,3.49,35
,0.36,0.62,4.19,22
,0.71,0.54,2.52,38
,0.23,0.46,1.88,11
,0.45,0.51,2.16,23
,0.62,0.66,4.35,41
,0.71,0.61,4.13,43
,0.65,0.72,7.43,47
,0.73,0.69,6.85,50
,0.63,0.69,6.04,43
,0.79,0.64,4.82,51
,0.33,0.61,5.37,20
,0.79,0.61,4.33,48
,0.36,0.59,4.36,21
,0.83,0.57,3.35,47
,0.93,0.74,6.23,69
,0.78,0.61,3.46,48
,0.37,0.52,2.56,19
,0.89,0.69,4.64,61
,0.75,0.77,9.23,58
,0.55,0.52,2.82,29
,0.66,0.65,4.94,43
,0.7,0.64,5.27,45
,0.76,0.69,7.86,52
,0.49,0.5,2.98,25
,0.75,0.64,5.15,48
,0.36,0.58,4.39,21
,0.61,0.6,4.25,37
,0.77,0.65,4.38,50
,0.63,0.64,6.07,40
,0.5,0.6,3.54,30
,0.62,0.63,4.65,39
,0.77,0.78,10.44,60
,0.58,0.61,6.44,35
,0.37,0.52,4.69,19
,0.53,0.59,6.24,31
,0.35,0.52,3.96,18
,0.31,0.48,3.69,15
,0.14,0.53,6.00,7
,0.33,0.53,3.29,17
,0.57,0.52,2.56,30
,0.71,0.54,3.53,38
,0.46,0.51,2.78,23
,0.46,0.47,2.43,22
,0.45,0.54,3.32,24
,0.58,0.47,2.33,27
,0.46,0.5,2.71,23
,0.43,0.38,1.52,16
,0.88,0.68,5.36,60
,0.5,0.5,2.52,25
,0.59,0.49,2.84,29
,0.68,0.59,4.94,40
,0.78,0.63,5.81,49
,0.8,0.61,3.91,49
,0.6,0.67,6.08,40
,0.7,0.54,2.56,38
,0.41,0.42,1.83,17
,0.76,0.72,8.83,55
,0.69,0.71,7.58,49
,0.77,0.66,6.78,51
,0.37,0.46,3.37,17
,0.67,0.66,4.85,44
,0.72,0.67,4.24,48
,0.37,0.54,2.72,20
,0.74,0.7,4.59,52
,0.66,0.48,2.26,32
,0.81,0.59,3.47,48
,0.65,0.63,5.89,41
,0.85,0.64,5.51,54
,0.79,0.62,4.22,49
,0.69,0.68,7.69,47
,0.5,0.6,4.10,30
,0.7,0.67,8.07,47
,0.58,0.54,4.08,31
,0.37,0.68,10.00,25
,0.496829,0.676947,6.63,34
,0.546795,0.71328,7.13,39
,0.572884,0.634003,6.33,36
,0.501774,0.605224,4.13,30
,0.4,0.57,3.46,23
,0.48,0.67,6.04,32
,0.65,0.62,4.21,40
,0.54,0.7,7.05,38
,0.69,0.53,2.88,37
,0.58,0.57,3.86,33
,0.4,0.47,2.26,19
,0.33,0.59,8.00,19
,0.32,0.59,5.55,19
,0.59,0.71,7.56,42
,0.38,0.57,6.88,22
,0.71,0.71,11.00,50
,0.3,0.63,5.05,19
,0.53,0.6,2.87,32
,0.4,0.53,2.67,21
,0.86,0.68,5.13,58
,0.73,0.65,5.29,47
,0.52,0.62,3.36,32
,0.48,0.6,3.37,29
,0.68,0.62,5.80,42
,0.6,0.65,6.04,39
,0.5,0.48,2.81,24
,0.71,0.65,6.38,46
,0.72,0.67,5.20,48
,0.84,0.77,8.67,65
,0.41,0.54,3.31,22
,0.47,0.46,1.73,22
,0.48,0.54,3.38,26
,0.57,0.51,2.72,29
,0.77,0.64,4.91,49
,0.56,0.62,4.75,35
,0.51,0.52,3.26,27
,0.83,0.71,6.89,59
,0.85,0.61,4.75,52
,0.26,0.44,1.72,11
,0.73,0.67,6.36,49
,0.58,0.47,2.53,27
,0.68,0.72,8.67,49
,0.5459,0.4513,1.42,25
,0.9,0.62,4.86,56
,0.81,0.5,2.16,41
,0.81,0.66,6.14,53
,0.388235294117647,0.490909090909091,2.31,19
,0.55,0.52,2.99,29
,0.832941176470588,0.553672316384181,2.76,46
,0.755294117647059,0.654205607476636,4.77,49
,0.71,0.7,8.08,50
,0.56,0.57,5.61,32
,0.68,0.64,8.07,44
,0.71,0.65,10.45,46
,0.62,0.65,7.65,40
,0.52,0.6,7.00,31
,0.71,0.7,9.88,50
,0.82,0.78,19.94,64
,0.63,0.59,7.40,37
,0.77,0.67,4.96,52
,0.56,0.71,7.11,40
,0.74,0.68,10.04,50
,0.12,0.41,1.40,5
,0.7,0.49,2.69,34
,0.55,0.51,2.48,28
,0.51,0.53,7.00,27
,0.46,0.58,5.73,27
,0.26,0.72,12.00,19
,0.69,0.64,9.21,44
,0.43,0.5,7.71,22
,0.41,0.66,7.33,27
,0.91,0.8,11.76,73
,0.56,0.59,4.71,33
,0.81,0.69,6.61,56
,0.82,0.6,3.23,49
,0.55,0.52,2.39,29
,0.75,0.67,7.83,50
,0.64,0.56,4.50,36
,0.88,0.7,6.57,62
,0.85,0.75,10.00,64
,0.7,0.67,8.11,47
,0.81,0.63,5.79,51
,0.81,0.57,3.03,46
,0.42,0.46,2.08,19
,0.8,0.59,3.55,47
,0.64,0.65,4.64,42
,0.28,0.54,2.96,15
,0.36,0.55,2.90,20
,0.7,0.69,6.00,48
,0.65,0.58,3.47,38
,0.52,0.63,4.07,33
,0.63,0.64,3.93,40
,0.6,0.66,5.58,40
,0.26,0.55,3.75,14
,0.31,0.42,2.55,13
,0.55,0.63,4.26,35
,0.59,0.59,3.55,35
,0.46,0.57,4.28,26
,0.26,0.59,3.24,15
,0.34,0.57,2.69,19
,0.583635,0.715711,9.12,42
,0.615209,0.738997,10.16,45
,0.27,0.5,2.24,14
,0.56,0.58,4.29,32
,0.68,0.57,2.81,39
,0.86,0.74,13.19,64
,0.87,0.75,14.04,65
,0.9,0.71,14.41,64
,0.87,0.71,6.98,62
,0.81,0.64,5.16,52
,0.7,0.7,6.46,49
,0.85,0.71,8.94,60
,0.73,0.67,6.84,49
,0.34,0.46,2.65,16
,0.65,0.4,1.52,26
,0.77,0.65,7.49,50
,0.34,0.45,2.28,15
,0.23,0.44,2.10,10
,0.15,0.44,2.00,7
,0.52,0.36,1.29,19
,0.65,0.46,2.02,30
,0.63764705882353,0.546125461254613,3.08,35
,0.868235294117647,0.699186991869919,5.73,61
,0.59764705882353,0.566929133858268,2.94,34
,0.701176470588235,0.654362416107383,4.76,46
,0.87,0.7,9.11,61
,0.74,0.63,4.55,47
,0.89,0.69,6.19,61
,0.9247573,0.7165354,8.81,66
,0.5072816,0.4210526,2.15,21
,0.711165,0.5255973,3.21,37
,0.76,0.66,8.83,50
,0.78,0.66,9.52,51
,0.71,0.63,10.49,45
,0.804705882352941,0.719298245614035,6.65,58
,0.734117647058823,0.605769230769231,2.95,44
,0.71764705882353,0.626229508196721,4.15,45
,0.809411764705882,0.587209302325581,3.26,48
,0.413507,0.665836,3.57,28
,0.383988,0.65268,5.38,25
,0.473105,0.575117,3.38,27
,0.69,0.55,3.13,38
,0.69,0.6,3.49,41
,0.85,0.59,3.08,50
,0.35,0.53,3.42,19
