0,1,2,3,4,5,6,7,8,9,10,11,12,13,14,15,16,17,18,19,20,21,22,23,24,25,26,27,28,29,30,31,32,33,34,35,36,37,38,39,40,41,42,43,44,45,46,47,48,49,50,51,52,53,54,55,56,57,58,59,60,61,62,63,64,65,66,67,68,69,70,71,72,73,74,75,76,77,78,79,80,81,82,83,84,85,86,87,88,89,90,91,92,93,94,95,96,97,98,99,100,101,102,103,104,105,106,107,108,109,110,111,112,113,114,115,116,117,118,119,120,121,122,123,124,125,126,127
00324-WRAL-Gerald_Owens.png.jpg,-0.128200903534889,0.146525219082832,0.12525837123394,-0.017190959304571,-0.060473088175058,-0.024807613343,0.034247718751431,-0.147405609488487,0.144958481192589,-0.038267519325018,0.273669064044952,-0.142309844493866,-0.137249633669853,-0.09746240824461,-0.031588017940521,0.133367195725441,-0.072988621890545,-0.141119346022606,-0.183932662010193,-0.12145821005106,-0.066239006817341,0.000629632966593,0.074078656733036,0.016054479405284,-0.134441912174225,-0.343479037284851,-0.057649847120047,-0.106601610779762,0.074513345956802,-0.05329081043601,-0.011922005563974,-0.001828105538152,-0.254661232233047,-0.119826190173626,-0.019342470914126,0.040063392370939,-0.010345824062824,-0.004837446846068,0.174041733145714,-0.035056840628386,-0.162714034318924,0.096100836992264,0.108069188892841,0.278760492801666,0.223811611533165,0.019674940034747,0.000758420675993,0.034681536257267,0.032072223722935,-0.190292418003082,0.045463882386685,0.067728102207184,0.182756900787354,-0.005301324650645,0.140907570719719,-0.115297883749008,-0.06164313107729,0.087692245841026,-0.109704464673996,0.065489679574967,0.036424830555916,0.056260652840138,-0.03841146081686,-0.006006824783981,0.204264566302299,0.150599837303162,-0.064321830868721,-0.121217302978039,0.137044817209244,-0.15157961845398,0.057514704763889,0.070353731513023,-0.10584768652916,-0.087296791374683,-0.301966100931168,0.05408213660121,0.385525584220886,0.030273389071226,-0.235571637749672,-0.049323257058859,-0.040207777172327,0.055926356464625,0.025658916682005,-0.007734095677733,-0.124454602599144,0.010485579259694,-0.109920471906662,-0.015249712392688,0.15522712469101,-0.003638187423348,-0.056213691830635,0.207884594798088,-0.010376691818237,-0.082727782428265,0.025804907083511,0.009279815480113,-0.097475737333298,-0.034124247729778,-0.126884773373604,0.018595021218062,0.018947364762426,-0.050495982170105,-0.020431211218238,0.097377106547356,-0.208892747759819,0.064583472907543,-0.036099463701248,-0.003371255472302,-0.040815055370331,0.120621494948864,-0.030080705881119,-0.061000593006611,0.143944069743156,-0.2198256701231,0.119924671947956,0.188344746828079,-0.112345419824123,0.064811006188393,0.052959054708481,0.018076835200191,0.037431336939335,0.157292127609253,-0.035461228340864,-0.109554119408131,-0.047925770282745,-0.109357386827469,0.02097225189209,0.084571182727814
00325-WRAL-Debra_Morgan.png.jpg,-0.04799971356988,0.112370081245899,0.127424240112305,-0.060129955410957,-0.188536182045937,0.099501743912697,-0.036511320620775,-0.045647501945496,0.154223948717117,-0.0902548879385,0.12267779558897,-0.048578314483166,-0.267982393503189,0.08045768737793,-0.05852260440588,0.219881162047386,-0.062899053096771,-0.145082727074623,-0.161226570606232,-0.092544287443161,-0.069784998893738,0.07240355014801,0.022388065233827,-0.006131152622402,-0.167250797152519,-0.320973187685013,-0.019785856828094,-0.026043953374028,-0.01038496568799,-0.070297904312611,-0.033605970442295,0.106689624488354,-0.145403891801834,0.038232740014792,0.136838421225548,0.027455236762762,-0.056291654706001,-0.101338341832161,0.165882214903831,-0.02178343012929,-0.199894353747368,0.006100681610405,0.068655200302601,0.184539780020714,0.201610267162323,0.040190316736698,0.066980503499508,-0.112827077507973,0.10191984474659,-0.293328642845154,-0.072004437446594,0.109934493899345,-0.009032766334713,0.035591762512922,0.058377157896757,-0.161570131778717,-0.018335934728384,0.197940349578857,-0.123529180884361,0.003110233461484,0.019689040258527,-0.118671014904976,-0.164863407611847,-0.120055377483368,0.23038475215435,0.079312682151795,-0.182029366493225,-0.206756725907326,0.196699798107147,-0.108937956392765,0.000885765999556,0.104429423809052,-0.069820590317249,-0.147384181618691,-0.174378484487534,0.011888965964317,0.40211221575737,0.133018761873245,-0.210756823420525,-0.009787801653147,-0.076241709291935,0.09663712978363,-0.039594672620297,0.047084171324968,-0.090957090258598,-0.106645300984383,-0.052356913685799,-0.029672142118216,0.248522475361824,-0.067869864404202,0.035846274346113,0.196186497807503,0.029558144509792,-0.017308957874775,-0.079398311674595,0.064566515386105,-0.159418612718582,-0.011647599749267,-0.108826823532581,-0.059586826711893,0.066823229193688,-0.003976336680353,0.024121753871441,0.167843416333199,-0.234454825520515,0.204995766282082,-0.111493073403835,-0.033226791769266,0.055332727730274,-0.012254327535629,-0.01791325211525,0.002037394791842,0.163831278681755,-0.316480278968811,0.10189488530159,0.20673106610775,-0.00457750633359,0.110143177211285,0.07606103271246,0.055592175573111,0.045904695987702,0.03130803257227,-0.194348514080048,-0.164088651537895,0.085568606853485,-0.113447330892086,-0.052363157272339,-0.018594389781356
00326-WRAL-David_Crabtree.png.jpg,0.014491733163595,0.030221343040466,-0.040810335427523,-0.014331683516502,-0.031870752573013,-0.041854709386826,0.060429967939854,-0.165230453014374,0.065165936946869,-0.049089912325144,0.16607877612114,-0.146460264921188,-0.312068730592728,-0.040189579129219,0.034307204186916,0.090120196342468,-0.056610591709614,0.011737569235265,-0.242068454623222,-0.08767681568861,-0.016232965514064,-0.001035306951962,0.103727109730244,0.015688326209784,-0.078036196529865,-0.285914391279221,-0.100724779069424,-0.096549071371555,0.017019260674715,-0.01305185072124,0.018530000001192,0.064893864095211,-0.190855458378792,-0.137769460678101,0.021188117563725,-0.063025802373886,-0.119663596153259,-0.083409667015076,0.225405186414719,-0.034071996808052,-0.133867263793945,0.012153122574091,0.065887056291103,0.168242394924164,0.205416664481163,0.006385429762304,-0.007319474592805,-0.063562795519829,0.116871900856495,-0.306475967168808,0.018133107572794,0.048335880041123,0.137344390153885,0.058366652578116,0.092877127230167,-0.120884537696838,0.038038577884436,0.153467744588852,-0.240209460258484,0.113562852144241,0.089019067585468,-0.130814552307129,-0.083768911659718,-0.05194765329361,0.141313403844833,0.129984512925148,-0.1165986135602,-0.059337709099054,0.209264054894447,-0.118155762553215,0.085976555943489,0.037486217916012,-0.051845189183951,-0.236286997795105,-0.240665525197983,0.076925337314606,0.357272565364838,0.176081046462059,-0.184498772025108,-0.077511236071587,-0.110161870718002,0.049462500959635,0.077746279537678,-0.058321300894022,-0.061026483774185,-0.166569888591766,-0.067804254591465,0.014016305096448,0.131152108311653,-0.106870241463184,-0.057686280459166,0.27266862988472,-0.037211671471596,-0.011857498437166,0.035532552748919,0.069419898092747,-0.177883014082909,-0.00700223678723,-0.142721980810165,0.086705796420574,0.107978731393814,-0.203601211309433,0.077885158360005,0.075712203979492,-0.101328797638416,0.173726245760918,-0.042473208159208,-0.026353552937508,0.074264027178288,-0.035612035542727,-0.121951840817928,0.001974943093956,0.158825695514679,-0.224459856748581,0.21584740281105,0.107386082410812,-0.045111581683159,0.13188311457634,0.043404772877693,0.112815074622631,0.005758038256317,0.016701180487871,-0.193284347653389,-0.145344033837318,0.084615767002106,0.04448227211833,-0.007433279417455,0.025741448625922
00368-WTVD-Steve_Daniels.png.jpg,-0.063583046197891,0.110284380614758,-0.029529489576817,0.024454584345222,-0.139411374926567,-0.02639215439558,0.007984267547727,-0.108475342392921,0.138663962483406,0.003969807177782,0.204513534903526,-0.081389367580414,-0.240063354372978,-0.118350446224213,0.022206917405129,0.11856384575367,-0.078282006084919,-0.143418148159981,-0.186687901616097,-0.08573392778635,-0.016444962471724,-0.009624999947846,-0.062210690230131,0.016195740550757,-0.198244690895081,-0.319815188646317,-0.035182535648346,-0.21435971558094,0.044902928173542,-0.121739096939564,-0.067464478313923,0.11556651443243,-0.113066270947456,-0.149470746517181,0.071804404258728,0.092732757329941,-0.103263475000858,-0.015544855967164,0.209811866283417,-0.032965332269669,-0.18482793867588,0.063593111932278,0.062064547091723,0.310488432645798,0.219845578074455,0.042044263333082,0.095100790262222,-0.069625064730644,0.177621006965637,-0.327073931694031,0.071829572319985,0.120161294937134,0.15020452439785,0.09370094537735,0.172621786594391,-0.218786761164665,0.009544802829623,0.128184959292412,-0.245279625058174,0.166302293539047,0.093388915061951,-0.138643741607666,-0.114039033651352,-0.074174262583256,0.223771810531616,0.105767652392387,-0.107059083878994,-0.024370048195124,0.250981420278549,-0.155512720346451,-0.004306744784117,0.070808351039887,-0.079191349446774,-0.230086743831634,-0.311972498893738,0.105833292007446,0.4254429936409,0.164442658424377,-0.242588117718697,-0.035801596939564,0.017973780632019,0.014155801385641,0.070141963660717,0.028268717229366,-0.091695480048657,-0.110256403684616,-0.106494814157486,0.020129911601544,0.232097238302231,-0.052297312766314,0.079447902739048,0.209468245506287,0.014853922650218,-0.030596656724811,0.03363312035799,0.083645291626453,-0.123134702444077,-0.065498650074005,-0.071256622672081,0.05254265293479,0.14844673871994,-0.230767726898193,0.009101592004299,0.086470723152161,-0.175771281123161,0.14411523938179,-0.057487402111292,-0.011612511239946,-0.048559546470642,-0.09812918305397,-0.005304145626724,0.054302178323269,0.240273028612137,-0.246506199240684,0.255256801843643,0.176801770925522,-0.024777505546808,0.13115856051445,-0.009079525247216,0.020979708060622,-0.014879135414958,-0.053982876241207,-0.224306106567383,-0.1391242146492,0.024681810289621,-0.064437814056873,-0.068443112075329,0.055558890104294
00370-WTVD-Tisha_Powell.png.jpg,-0.242483749985695,0.106017984449863,0.06320508569479,-0.071225374937058,-0.110229060053825,-0.078783825039864,-0.027471033856273,-0.103106029331684,0.183578357100487,-0.130703777074814,0.2772176861763,-0.040926277637482,-0.318536847829819,-0.074500069022179,-0.070596419274807,0.158270910382271,-0.214362949132919,-0.088658981025219,-0.040937200188637,-0.018434714525938,0.117882132530212,-0.062367621809244,0.045226510614157,0.05865990743041,-0.119530141353607,-0.352069139480591,-0.092754513025284,-0.132055357098579,-0.056354008615017,-0.038891866803169,0.094438292086125,0.064432688057423,-0.240528151392937,-0.019937362521887,-0.04943959787488,0.070224314928055,-0.066607132554054,-0.070096924901009,0.143301159143448,-0.166434586048126,-0.223116844892502,-0.20458947122097,0.081128522753716,0.157704323530197,0.200521424412727,-0.055889941751957,0.003528483211994,-0.024673787876964,0.064655423164368,-0.287680894136429,-0.030493941158056,0.14703357219696,0.048254109919071,0.072591900825501,0.088847853243351,-0.213111191987991,0.047760270535946,0.088609904050827,-0.135818123817444,-0.068408906459808,-0.009498508647084,-0.062690943479538,-0.093704864382744,-0.046199057251215,0.276660889387131,0.107494473457336,-0.196731403470039,-0.130964413285255,0.249318093061447,-0.160428881645203,0.068169243633747,0.132184103131294,-0.172139704227448,-0.253786385059357,-0.274806350469589,-0.01809423789382,0.415992051362991,0.087990485131741,-0.092590913176537,0.076584652066231,-0.161741927266121,-0.015058523975313,-0.058709356933832,0.090357288718224,-0.02616391889751,0.078355245292187,-0.102336890995502,0.054764196276665,0.1281378865242,-0.074820406734943,-0.022765738889575,0.274840086698532,-0.026648696511984,-0.028236191719771,0.053414206951857,0.017065545544028,-0.032529525458813,-0.059296563267708,-0.138342291116714,0.037851855158806,0.033997524529696,-0.151142507791519,-0.093530483543873,0.059975776821375,-0.128587901592255,0.074404910206795,0.037987239658833,0.06500306725502,-0.05233683437109,-0.050138980150223,-0.16292017698288,-0.051586989313364,0.154831171035767,-0.261704206466675,0.225419387221336,0.118196502327919,0.005216414574534,0.195044279098511,0.081823199987412,0.085755236446858,-0.004692149348557,-0.080972403287888,-0.135814428329468,-0.045509938150644,0.054058026522398,-0.070505857467651,0.002127148211002,-0.015420809388161
00443-FOX4-Jim_Syoen.png.jpg,-0.074691101908684,0.092520371079445,0.02449313364923,-0.024444732815027,-0.117913506925106,-0.069456338882446,-0.043370507657528,-0.131514608860016,0.128759115934372,-0.005389354657382,0.257158011198044,-0.129224523901939,-0.246566623449326,0.03489350900054,-0.01212758012116,0.061903573572636,-0.154659926891327,-0.006013341713697,-0.099879898130894,-0.068567775189877,0.021872537210584,-0.023699328303337,0.040164392441511,0.039952009916306,-0.022258656099439,-0.312428861856461,-0.103026367723942,-0.088558465242386,0.118034064769745,-0.170487031340599,-0.017369583249092,0.002184703480452,-0.138323530554771,-0.129691198468208,0.045238442718983,0.002541253343225,-0.029254795983434,-0.110405258834362,0.276183217763901,-0.002353370189667,-0.11073736846447,-0.031614243984223,0.036681901663542,0.252843677997589,0.221827208995819,0.083462648093701,-0.058389335870743,-0.112592451274395,0.149946197867394,-0.265452325344086,0.090794488787651,0.13010485470295,0.077931426465511,0.015139510855079,0.108602665364742,-0.147665798664093,0.051099371165037,0.081375688314438,-0.18228380382061,0.023127505555749,0.097929358482361,-0.076996088027954,-0.020330779254437,-0.022162294015288,0.202706173062324,0.138560846447945,-0.024580147117376,-0.052871752530336,0.123439207673073,-0.145842537283897,-0.047844976186752,-0.030628420412541,-0.09159866720438,-0.137011796236038,-0.304374009370804,0.024893805384636,0.419167160987854,0.097471386194229,-0.242624372243881,0.004877000115812,-0.004763690754771,-0.053883131593466,0.169535115361214,0.052388578653336,-0.144052371382713,-0.078300788998604,-0.085893929004669,-0.006286785006523,0.172540351748467,-0.054342765361071,-0.01169321872294,0.194377511739731,-0.014923160895705,0.025797858834267,0.14467990398407,0.022422829642892,-0.105971179902554,-0.072996363043785,-0.157594949007034,-0.028751250356436,0.120000682771206,-0.102165341377258,0.011140236631036,0.15505214035511,-0.266642302274704,0.058169525116682,-0.00042512640357,-0.117458879947662,0.030307313427329,-0.078605115413666,-0.046434476971626,-0.046311128884554,0.188696041703224,-0.218970984220505,0.164638563990593,0.154109433293343,-0.019322784617543,0.138052925467491,0.007926590740681,0.065866596996784,0.013975439593196,0.066779553890228,-0.084057092666626,-0.066695228219032,0.004925015382469,0.05763515457511,-0.017307842150331,-0.006066021043807
00526-KFSN-Jason_Martinez.png.jpg,-0.04251528531313,0.093652404844761,0.035112604498863,-0.033833749592304,-0.07199302315712,0.063616573810577,-0.066087394952774,-0.118155404925346,0.188773304224014,-0.015905294567347,0.176650151610374,0.004479603841901,-0.210774600505829,-0.068254299461842,-0.057536605745554,0.063611261546612,-0.12837615609169,-0.182121098041534,-0.075746759772301,-0.035942018032074,-0.036218039691448,0.020938776433468,-0.013484951108694,-0.033162713050842,-0.124377205967903,-0.324548661708832,-0.046779632568359,-0.146385073661804,0.024460561573505,-0.141493916511536,-0.013448129408062,0.08495656400919,-0.195700854063034,-0.074982225894928,0.012495671398938,0.043062292039394,-0.043898038566113,-0.041860193014145,0.23556549847126,0.049744371324778,-0.097734019160271,0.007487610913813,0.043769404292107,0.264861345291138,0.147037461400032,0.047431115061045,-0.042714111506939,-0.058040026575327,0.137640237808228,-0.319958209991455,0.175756722688675,0.17773948609829,0.148644804954529,0.067920088768005,0.16981329023838,-0.154775813221931,-0.035732291638851,0.055353313684464,-0.168165743350983,0.114151380956173,0.041766423732042,0.080986253917217,-0.082292288541794,-0.136818334460258,0.230448096990585,0.179272726178169,-0.066170446574688,-0.049355186522007,0.141529947519302,-0.068141087889671,-0.071459345519543,-0.009795011952519,-0.082327835261822,-0.153036460280418,-0.202020525932312,0.112379640340805,0.303287327289581,0.115927167236805,-0.249384492635727,-0.021640215069056,-0.035042628645897,-0.081549808382988,0.007690986152738,-0.071646422147751,-0.148643240332603,-0.017380457371473,0.001145307905972,-0.017033893615007,0.201843678951263,0.032618008553982,-0.008938308805227,0.21654224395752,-0.058770298957825,-0.018792370334268,0.067237712442875,-0.010751514695585,-0.050047658383846,-0.020158540457487,-0.200539022684097,-0.024983115494251,0.113483726978302,-0.101402550935745,-0.017211524769664,0.134625136852264,-0.186285153031349,0.054643291980028,0.000277141109109,-0.064587756991387,0.07104979455471,0.007661380805075,-0.179932877421379,-0.068147175014019,0.23294922709465,-0.223462164402008,0.255265921354294,0.065610475838184,0.004132339730859,0.083693340420723,0.070072010159493,0.072686925530434,0.008587634190917,0.026554027572274,-0.121238932013512,-0.114771157503128,0.113209843635559,-0.007225277833641,-0.07669547200203,0.048802938312292
00802-WFTV-Jamie_Holmes.png.jpg,-0.073468253016472,0.115937255322933,-0.012513724155724,-0.044982589781284,-0.107307724654675,0.031155141070485,-0.062071505934,-0.231490030884743,0.130639538168907,-0.116998828947544,0.166489332914352,-0.003857528790832,-0.311203986406326,-0.093297950923443,0.024671398103237,0.108099013566971,-0.186196565628052,-0.176886484026909,-0.107285268604755,-0.096660777926445,0.030993154272437,0.018508898094297,0.03363148868084,-0.003732903162017,-0.16608938574791,-0.374849826097488,-0.144185319542885,-0.043479390442371,0.121938124299049,-0.157029062509537,0.059889409691095,-0.011277536861599,-0.179535642266274,-0.052109390497208,0.014158712700009,0.022093359380961,-0.028977375477553,-0.139833375811577,0.140558615326881,0.017520787194371,-0.160776346921921,-0.051046214997768,-0.007122887298465,0.24271921813488,0.141841799020767,0.01030857488513,0.048338074237108,-0.077393494546414,0.036560356616974,-0.238846465945244,0.135840758681297,0.095268443226814,0.10109069943428,0.060610253363848,0.07562380284071,-0.12761864066124,-0.023855078965426,0.193987727165222,-0.265004873275757,0.116960689425468,0.14088898897171,-0.086243115365505,-0.107472531497478,-0.063650526106358,0.144938364624977,0.14944763481617,-0.145648688077927,-0.145678505301476,0.16782021522522,-0.166660845279694,-0.068051598966122,-0.028647117316723,-0.032063886523247,-0.197349563241005,-0.291101157665253,0.050028130412102,0.381310641765594,0.199062526226044,-0.215972080826759,-0.054947521537542,-0.023622641339898,0.008731300011277,0.065538324415684,0.064805015921593,-0.078365489840508,-0.044140759855509,-0.02706147916615,0.053464584052563,0.12308232486248,0.054770551621914,-0.086340233683586,0.291367918252945,-0.022187611088157,-0.015185550786555,0.075717054307461,0.112474732100964,-0.102294951677322,-0.023230619728565,-0.049609988927841,-0.004076841287315,0.09446781128645,-0.096013747155666,0.028779357671738,0.132048100233078,-0.079968214035034,0.273937463760376,0.007453522644937,0.004815695807338,0.077108003199101,-0.020322110503912,-0.120572775602341,-0.064070992171764,0.178089454770088,-0.330112516880035,0.180806741118431,0.234180107712746,0.023202452808619,0.166077643632889,0.033559564501047,0.094904638826847,0.060923121869564,-0.032682236284018,-0.190666601061821,-0.12771064043045,0.029464233666658,-0.085242226719856,-0.00943644810468,0.036351133137941
00818-WGN-Paul_Konrad.png.jpg,-0.078502118587494,0.080318741500378,0.023790817707777,0.001991436351091,-0.050483580678701,0.047325789928436,0.041059736162424,-0.146066248416901,0.152375236153603,-0.042487870901823,0.148695319890976,-0.005946796387434,-0.361249357461929,-0.059134695678949,0.043054554611445,0.148516893386841,-0.183220729231834,-0.099378079175949,-0.181071430444717,-0.151089623570442,0.038783323019743,-0.008577886037529,0.054045487195253,0.002800830639899,-0.214766800403595,-0.292378008365631,-0.035631913691759,-0.151596695184708,-0.022910563275218,-0.116536356508732,0.006855934858322,0.00145711156074,-0.09551165252924,-0.028258435428143,-0.066961534321308,-0.056023981422186,-0.020254120230675,-0.057694781571627,0.192626446485519,0.022282613441348,-0.11936853826046,0.040501981973648,-0.008682806044817,0.248358443379402,0.279686093330383,0.042370073497295,0.071597531437874,-0.093544401228428,0.111688792705536,-0.273616313934326,0.079984650015831,0.07226050645113,0.063656389713287,0.085634104907513,0.108212783932686,-0.140061840415001,-0.058632403612137,0.107595138251781,-0.165731236338615,0.115277223289013,0.105504930019379,-0.056201357394457,-0.025342810899019,-0.075436927378178,0.212912872433662,0.109591998159885,-0.097707763314247,-0.051192000508308,0.176813840866089,-0.148450240492821,-0.129436984658241,-0.075222320854664,-0.119384765625,-0.155812785029411,-0.296578526496887,0.030401915311813,0.337679415941238,0.172159239649773,-0.273601114749908,-0.060486540198326,-0.104806818068028,0.045962583273649,0.14434289932251,0.008825102820992,-0.046084322035313,-0.108958721160889,-0.053422030061483,-0.017041120678187,0.21862867474556,-0.023632694035769,-0.069409422576428,0.268407911062241,0.054203543812037,-0.073304668068886,0.074608594179154,0.019801085814834,-0.107821866869926,0.003223101142794,-0.128287181258202,-0.024141516536474,0.042633235454559,-0.106095246970654,0.082562632858753,0.056450586766005,-0.143490880727768,0.236591592431068,0.004983928985894,0.031126115471125,0.01483412925154,0.021397709846497,-0.144711688160896,0.025785939767957,0.222589284181595,-0.22619403898716,0.218425184488296,0.204954907298088,0.025974549353123,0.11186820268631,-0.008387511596084,0.128684878349304,-0.05797565728426,0.106134407222271,-0.153625264763832,-0.071297116577625,0.084385231137276,0.004810180515051,0.072926461696625,0.118652857840061
00857-WINK-Lois_Thome.png.jpg,-0.092625327408314,0.168738707900047,0.183411166071892,-0.129359111189842,-0.105710953474045,0.047733187675476,-0.103788860142231,-0.087386645376682,0.142787992954254,-0.184904366731644,0.141655489802361,0.038308285176754,-0.207193866372108,0.066498324275017,-0.032259162515402,0.142955645918846,-0.248066142201424,-0.277366757392883,-0.135147765278816,-0.001295369118452,0.012759475037456,0.053176060318947,-0.029761612415314,-0.019612347707152,-0.113938897848129,-0.365171551704407,-0.022653536871076,-0.065197221934795,0.101445555686951,0.010972015559673,0.031720250844956,-0.014461105689406,-0.214200302958488,0.061467491090298,0.030301373451948,0.02386231161654,-0.144408375024796,-0.128758028149605,0.271283566951752,-0.021596986800432,-0.242520570755005,-0.031573221087456,0.042757228016853,0.184808552265167,0.275850236415863,0.013927144929767,0.035004053264856,-0.077402584254742,0.200977072119713,-0.379994213581085,0.078955911099911,0.238609090447426,0.090172290802002,0.154573649168015,0.106533467769623,-0.213622659444809,0.055062975734472,0.088640049099922,-0.189200803637505,0.056216258555651,0.033376455307007,-0.175207272171974,-0.03443655371666,-0.089835464954376,0.205726325511932,0.098954983055592,-0.094264715909958,-0.23027016222477,0.279455751180649,-0.127243980765343,-0.042750224471092,0.060354020446539,-0.118141055107117,-0.104127183556557,-0.210660383105278,-0.008306764066219,0.337998300790787,0.148203670978546,-0.116927646100521,0.080258958041668,-0.053173772990704,-0.044993121176958,-0.068671800196171,0.105641417205334,-0.081460028886795,-0.098529599606991,-0.04701391607523,0.009806400164962,0.216539189219475,-0.051153473556042,-0.003455421887338,0.195981293916702,-0.003673816099763,-0.034906636923552,0.037013068795204,0.019707154482603,-0.159070953726769,-0.017732977867127,-0.15009143948555,-0.004450114443898,-0.03338872641325,0.010173138231039,-0.028274327516556,0.168979331851006,-0.104947164654732,0.196876496076584,-0.104319900274277,0.002180731855333,-0.008484462276101,-0.044195048511028,-0.077191837131977,-0.10186529904604,0.131674379110336,-0.162038534879684,0.219292789697647,0.138984382152557,0.02948297187686,0.13280676305294,0.095121391117573,0.076377958059311,0.027639465406537,0.039215210825205,-0.253866255283356,-0.129230812191963,0.049180511385203,-0.008928401395679,-0.04513693600893,0.066073082387447
00858-WINK-Stacey_Adams.png.jpg,-0.126498222351074,0.105914279818535,0.130834773182869,-0.078593358397484,-0.05395856872201,-0.03505539149046,0.032520830631256,-0.078885279595852,0.235398471355438,-0.103801146149635,0.163900107145309,-0.076271086931229,-0.330509185791016,0.004189311526716,-0.05113697424531,0.158600017428398,-0.113087698817253,-0.045129641890526,-0.069521546363831,-0.004469003062695,0.105082146823406,0.108869776129723,0.058851838111878,0.115553870797157,-0.179213881492615,-0.217685133218765,-0.026270382106304,-0.135604530572891,-0.011701749637723,-0.048142962157726,-0.042392659932375,0.057303957641125,-0.161143988370895,-0.02548785880208,0.052649013698101,0.091685935854912,-0.101245187222958,-0.080247692763805,0.226177334785461,0.039133071899414,-0.231787472963333,-0.079050064086914,-0.042153209447861,0.190507978200913,0.171238198876381,-0.045536696910858,0.046369589865208,-0.137346655130386,0.166108980774879,-0.382397204637527,0.013907859101892,0.15916121006012,0.034763138741255,0.026341928169131,0.177893832325935,-0.22976815700531,0.007882696576417,0.1889828145504,-0.208555445075035,0.141714468598366,0.065136045217514,-0.115012601017952,-0.031994983553887,-0.018346337601543,0.145268633961678,0.098574183881283,-0.164984524250031,-0.136436060070992,0.187162891030312,-0.156220242381096,0.052890744060278,0.226166591048241,-0.050734423100948,-0.235653683543205,-0.152339696884155,0.015299659222365,0.348981618881226,0.136206448078156,-0.153190851211548,0.038532130420208,-0.116187639534473,0.003687591757625,0.039240039885044,0.097916327416897,-0.019931998103857,0.004537168890238,-0.067582838237286,0.004458041861653,0.155780255794525,-0.083902135491371,0.076020330190659,0.363133698701858,-0.038144018501043,-0.030645065009594,-0.008912635967135,-0.010690765455365,-0.170714646577835,-0.008004168979824,-0.035638116300106,-0.02115398272872,0.112428583204746,-0.150613352656364,0.039036098867655,0.058285932987928,-0.231180608272552,0.104782089591026,-0.116252832114697,-0.030526805669069,0.021671138703823,-0.12713648378849,-0.119553878903389,0.05936548486352,0.204150289297104,-0.279508233070374,0.234515488147736,0.077109962701798,-0.071439154446125,0.107261672616005,0.051703196018934,0.058637343347073,0.06463185697794,-0.050948023796082,-0.104523956775665,-0.068707033991814,0.112717598676682,-0.08415237814188,0.001372271217406,-0.089607179164887
00859-WINK-Chris_Cifatte.png.jpg,-0.085847139358521,0.009199513122439,0.059959556907415,0.003765573026612,-0.055048283189535,-0.018677508458495,-0.046999271959066,-0.097846657037735,0.1351547986269,-0.022556859999895,0.23720908164978,-0.047112710773945,-0.283039510250092,0.011960696429014,-0.096473306417465,0.049568265676499,-0.106331929564476,-0.025367561727762,-0.218217402696609,-0.112191073596478,0.027640964835882,-0.010511146858335,0.069796793162823,-0.013211719691753,-0.17939817905426,-0.249638900160789,-0.09217718988657,-0.174906387925148,0.089908212423325,-0.182104557752609,0.002845073118806,-0.01317635178566,-0.216718718409538,-0.103330567479134,-0.028835151344538,-0.039525285363197,-0.037830952554941,-0.074219614267349,0.251240968704224,-0.028395786881447,-0.147002339363098,-0.029466584324837,0.033777162432671,0.173366084694862,0.210583224892616,0.110695101320744,-0.031169271096587,-0.078646823763847,0.118629850447178,-0.353025257587433,0.092286184430122,0.139386832714081,0.126691147685051,0.07029689103365,0.145289614796639,-0.215069741010666,0.062612168490887,0.067201904952526,-0.160584941506386,0.133547008037567,0.040214166045189,-0.063473701477051,-0.021453473716974,-0.034349847584963,0.129539772868156,0.053896375000477,-0.104091502726078,-0.012932721525431,0.140751838684082,-0.164426133036613,0.085017502307892,0.11066846549511,-0.050783909857273,-0.251823544502258,-0.302883207798004,0.025878479704261,0.417543143033981,0.165413752198219,-0.211982131004333,-0.009749983437359,-0.077009297907353,-0.07080889493227,0.035237058997154,-0.019735036417842,-0.123148515820503,-0.042528621852398,-0.07361875474453,0.026016887277365,0.189582988619804,-0.049807123839855,0.021894270554185,0.246110916137695,-0.054158464074135,-0.014496270567179,0.039342701435089,0.092171341180801,-0.166386187076569,-0.067236952483654,-0.033612821251154,0.08393045514822,0.119941093027592,-0.130837336182594,-0.007098936475813,0.027052503079176,-0.167834773659706,0.132370099425316,-0.05540033057332,-0.098571553826332,-0.028994236141443,-0.109079286456108,-0.118040263652802,0.034142926335335,0.264199256896973,-0.250988364219665,0.231365382671356,0.192079737782478,-0.034938931465149,0.140049025416374,0.063893228769302,0.063064560294151,-0.023756705224514,0.062544956803322,-0.150965288281441,-0.144775077700615,0.009891564026475,-0.115802630782127,0.010660679079592,0.006569501943886
00860-WINK-Jennifer_Stacy.png.jpg,-0.033845476806164,0.041374497115612,0.03237047791481,-0.07796111702919,-0.093408323824406,-0.077309384942055,-0.001803322695196,-0.051668167114258,0.229574859142303,-0.107906468212605,0.063573211431503,-0.081552118062973,-0.272291421890259,0.015142371878028,-0.023298708721995,0.185713887214661,-0.095698550343514,-0.154220089316368,-0.099724747240543,-0.08163732290268,0.070408277213574,0.139480128884316,-0.030904812738299,0.038810536265373,-0.170655727386475,-0.250337928533554,-0.006585579365492,-0.028177246451378,-2.01119109988213E-05,-0.057727005332708,0.018868012353778,0.228378340601921,-0.154158994555473,-0.035783916711807,0.104555584490299,0.150347828865051,-0.075815945863724,-0.093669451773167,0.20116226375103,0.100323259830475,-0.233121544122696,-0.138379752635956,0.046011123806238,0.256876796483994,0.225146800279617,-0.023211035877466,0.0116758774966,-0.078428141772747,0.072435922920704,-0.364233314990997,-0.044959962368012,0.085819341242313,0.02252964861691,0.122637167572975,0.132594183087349,-0.260353952646255,0.026802681386471,0.128138199448586,-0.232520639896393,0.044172622263432,0.01626118272543,-0.24467334151268,-0.02160144597292,-0.07788647711277,0.276653617620468,0.107704788446426,-0.082254141569138,-0.14365166425705,0.232301786541939,-0.204590603709221,-0.061679277569056,0.147387579083443,0.012761251069605,-0.102384299039841,-0.251826018095016,-0.118797853589058,0.28696396946907,0.156346768140793,-0.165824338793755,0.058125589042902,-0.038365382701159,0.015884298831225,0.114404141902924,0.079818181693554,0.009343560785055,0.008821555413306,-0.060386803001165,-0.056897070258856,0.245086908340454,-0.051574379205704,-0.028522968292236,0.239459380507469,-0.016836296766996,0.00641836039722,0.031364671885967,-0.061507746577263,-0.111762568354607,-0.014099949970841,-0.097479529678822,-0.082525290548802,0.029352592304349,-0.094142444431782,0.071700550615788,0.134854942560196,-0.141872689127922,0.134931415319443,-0.044479578733444,0.003861607052386,-0.01124797668308,-0.05207034572959,-0.063017584383488,0.007675298955292,0.177701741456986,-0.290936946868896,0.197885483503342,0.108218848705292,-0.067876391112805,0.160175949335098,0.018620412796736,0.0974245890975,-0.013892969116569,-0.072021171450615,-0.141977235674858,-0.040959380567074,0.045743260532618,-0.01336988247931,0.039414264261723,0.037964705377817
00861-WINK-Rob_Spicker.png.jpg,-0.003071462735534,0.184049025177956,0.006422102451324,-0.037063162773848,-0.143412113189697,0.086668774485588,-0.074997074902058,-0.065523020923138,0.064472295343876,-0.030470425263047,0.331511408090591,-0.075845792889595,-0.271297663450241,-0.070543386042118,-0.038988493382931,0.095849767327309,-0.106552802026272,-0.019326455891132,-0.118379555642605,-0.060871578752995,0.078489042818546,0.057882774621248,0.100356481969357,-0.013032089918852,-0.118997760117054,-0.337496668100357,-0.108992829918861,-0.088050320744515,0.038511864840984,-0.276899874210358,0.018687140196562,-0.023861544206739,-0.187777310609818,-0.017047226428986,-0.02325651049614,-0.070968739688397,-0.176834478974342,-0.087581269443035,0.169706374406815,0.085102960467339,-0.083225451409817,0.043045163154602,0.020757582038641,0.288987100124359,0.193296760320663,0.044161960482597,0.039313994348049,-0.071010932326317,0.062151703983545,-0.276247441768646,0.064016222953796,0.167822241783142,0.073985770344734,0.060104109346867,0.100209973752499,-0.06692673265934,0.012503725476563,0.150003224611282,-0.166258066892624,0.08841984719038,0.057142347097397,-0.032296892255545,-0.11216875910759,-0.036168836057186,0.200417131185532,0.14502215385437,-0.062988586723805,-0.139423653483391,0.160266548395157,-0.092726960778236,-0.067795239388943,0.093186497688294,-0.09613498300314,-0.210921496152878,-0.181503921747208,0.04612834751606,0.381320267915726,0.100913405418396,-0.184138149023056,0.023400893434882,-0.091351091861725,0.001716388389468,0.019982282072306,-0.008444436825812,-0.099769175052643,-0.054915394634009,-0.106543615460396,0.070592939853668,0.168868005275726,-0.130690738558769,-0.005284768063575,0.28256306052208,0.0253712721169,-0.033703345805407,0.125473335385323,-0.000633602205198,-0.091378539800644,-0.043718636035919,-0.086891271173954,-0.0463792309165,0.030856827273965,-0.22237366437912,-0.071691535413265,0.038062378764153,-0.206376701593399,0.205348864197731,0.022013567388058,-0.059884686022997,0.007754102349281,-0.073158815503121,-0.077878460288048,0.020851977169514,0.164454892277718,-0.351196348667145,0.217223718762398,0.153673022985458,0.04038055241108,0.135996311903,0.057447634637356,0.108002878725529,-0.010112471878529,-0.035649474710226,-0.111717857420444,-0.121457189321518,-0.004947782494128,0.018269125372171,-0.084197670221329,-0.028121776878834
00866-WINK-Jim_Farrell.png.jpg,-0.095841072499752,0.129927918314934,0.044517938047648,-0.034882169216871,-0.069364875555039,-0.025829587131739,-0.042569670826197,-0.131663307547569,0.149998441338539,-0.090468466281891,0.239741638302803,-0.076566822826862,-0.300427615642548,0.01969257555902,-0.014961837790907,0.158189058303833,-0.212142840027809,-0.092035859823227,-0.134709030389786,-0.171981319785118,-0.035674925893545,0.11020115762949,0.016530986875296,-0.045242507010698,-0.101333901286125,-0.309888452291489,-0.019556827843189,-0.106875911355019,0.112346544861794,-0.14183284342289,0.002378250472248,0.063469462096691,-0.182402923703194,-0.031644895672798,0.044490072876215,0.040995143353939,-0.048145767301321,-0.042877063155174,0.185542196035385,0.139764279127121,-0.167370676994324,-0.034939642995596,0.032526038587093,0.298150926828384,0.19028577208519,-0.021279186010361,0.004418494179845,-0.107909634709358,0.05317634344101,-0.21921905875206,0.033480279147625,0.151570603251457,0.10202069580555,0.077930226922035,0.146245956420898,-0.16710789501667,0.001678478904068,0.068457648158074,-0.124015338718891,0.153834044933319,0.210384592413902,-0.073469363152981,-0.023813545703888,-0.009897062554955,0.153902053833008,0.013854353688657,-0.076655954122543,-0.15999735891819,0.132589474320412,-0.119820028543472,-0.142669022083283,0.094676710665226,-0.043842632323504,-0.165338575839996,-0.305429846048355,0.001176292076707,0.329480290412903,0.124823801219463,-0.213047280907631,-0.025446387007833,-0.035691030323505,-0.09030694514513,0.142315626144409,0.077217012643814,-0.060194570571184,-0.035971071571112,-0.094458535313606,-0.020633939653635,0.225200906395912,0.000872145406902,-0.073261417448521,0.215437516570091,-0.072909034788609,-0.045305453240872,0.021681705489755,0.075668081641197,-0.173770219087601,-0.05207109823823,-0.124754637479782,-0.15074348449707,0.067997090518475,-0.164428412914276,-0.061299566179514,0.125546306371689,-0.199875637888908,0.171349480748177,-0.023171992972493,-0.040617648512125,-0.029394637793303,0.007394026499242,-0.072350941598415,0.056843291968107,0.209318593144417,-0.235638588666916,0.248742967844009,0.251968890428543,0.045303754508495,0.074366666376591,0.085864037275314,0.00774986250326,-0.007901459932327,0.016962360590696,-0.127321392297745,-0.188209995627403,-0.079039335250855,-6.17280602455139E-06,-0.01015533041209,0.025546990334988
00945-WLS-Jerry_Taft.png.jpg,-0.092843279242516,0.155987188220024,0.055590145289898,-0.067841358482838,-0.10087263584137,0.092401839792729,-0.041669309139252,-0.144558668136597,0.078339911997318,-0.017276879400015,0.17830653488636,-0.032668717205525,-0.266203850507736,0.034776642918587,-0.064894899725914,0.04983726143837,-0.136791929602623,-0.056508410722017,-0.185537949204445,-0.062803491950035,-0.026404313743115,0.028799185529351,0.090079568326473,-0.055357959121466,-0.154138654470444,-0.310663759708405,-0.134750723838806,-0.054372802376747,0.05305378139019,-0.039680242538452,0.00990604236722,-0.053649641573429,-0.208500295877457,0.001895543187857,-0.038313489407301,-0.002674618735909,-0.169593051075935,-0.062855258584023,0.240229442715645,0.006933776661754,-0.148361846804619,0.087718099355698,0.071700796484947,0.225857332348824,0.198683619499207,0.096704058349133,0.017620015889406,-0.104936860501766,0.102622509002686,-0.231317773461342,0.160329580307007,0.157892420887947,0.120230466127396,0.107024423778057,0.087506175041199,-0.11845038831234,0.036510609090328,0.166227176785469,-0.142584934830666,0.039844941347838,0.075243726372719,-0.055154763162136,-0.050024013966322,-0.081021174788475,0.245569944381714,0.179833173751831,-0.086579710245133,-0.158623844385147,0.221147269010544,-0.091275088489056,-0.065859317779541,0.065148442983627,-0.039668846875429,-0.135542348027229,-0.245564088225365,0.075751170516014,0.345971316099167,0.11738234013319,-0.174448415637016,-0.006269457750022,-0.133703157305718,-0.054086301475763,0.027950946241617,-0.001945241354406,-0.169001221656799,-0.061361223459244,-0.076626844704151,-0.010186051949859,0.258120596408844,-0.060617528855801,-0.034103590995073,0.236680746078491,0.090130023658276,-0.01054160296917,0.057672381401062,0.032307781279087,-0.151403963565826,-0.003762806300074,-0.140919029712677,0.022694129496813,0.085419252514839,-0.102257311344147,-0.036139316856861,0.088266119360924,-0.223920702934265,0.288299739360809,0.028502069413662,-0.054273806512356,0.023127503693104,-0.110598281025887,-0.089960709214211,0.052268289029598,0.214522123336792,-0.356117337942123,0.247815847396851,0.100666150450706,0.0434675142169,0.13479970395565,0.133905127644539,0.059106126427651,-0.005893651396036,0.033421665430069,-0.242096155881882,-0.134764656424522,0.115903466939926,-0.074458420276642,0.027664743363857,0.133833467960358
00946-WLS-Judy_Hsu.png.jpg,-0.118077650666237,0.187551856040955,0.076738178730011,-0.103223696351051,-0.183420985937119,-0.041969526559115,-0.118634298443794,-0.123206369578838,0.150976538658142,-0.080474734306336,0.235932916402817,-0.065615810453892,-0.225484073162079,-0.06116197258234,-0.034164741635323,0.242106556892395,-0.241943284869194,-0.163769125938416,-0.018337899819017,-0.012308599427343,0.066829457879067,0.003495008684695,0.047246027737856,0.090554416179657,-0.106665216386318,-0.391095191240311,-0.064133778214455,-0.128714516758919,0.022564515471459,-0.117773413658142,-0.01817113161087,-0.037634629756212,-0.209031239151955,-0.023002834990621,0.075591124594212,0.029964089393616,-0.015117661096156,-0.143368288874626,0.102544493973255,-0.054616622626782,-0.291745632886887,-0.046136915683746,0.126474499702454,0.172522619366646,0.209103763103485,0.039338238537312,0.038086980581284,-0.141926899552345,0.157598927617073,-0.121465720236301,-0.043203815817833,0.131031721830368,0.07729871571064,0.042039804160595,-0.030023159459233,-0.191599100828171,0.020980769768357,0.109190732240677,-0.157199397683144,-0.056333582848311,0.12437504529953,-0.030796252191067,-0.088943056762219,-0.096977323293686,0.248976692557335,0.086526073515415,-0.177456796169281,-0.221221849322319,0.131382241845131,-0.13844433426857,-0.04232394695282,0.050767995417118,-0.186959967017174,-0.157704949378967,-0.219342514872551,-0.062638774514198,0.374261140823364,0.042917259037495,-0.148536279797554,-0.008412971161306,-0.097602866590023,0.066473782062531,-0.064387820661068,0.163393422961235,-0.032727971673012,0.005476348102093,-0.06097124516964,-0.005436723120511,0.201512172818184,-0.11321222037077,0.076819956302643,0.203019261360168,-0.041166804730892,0.059415206313133,-0.056376375257969,0.032740022987127,-0.162746429443359,0.081076592206955,-0.065980009734631,-0.013553926721215,-0.056591298431158,-0.02325800806284,7.40294344723225E-05,0.117823496460915,-0.206634446978569,0.113526441156864,0.02248833142221,0.04976125434041,0.015325151383877,0.057850930839777,-0.046152282506228,-0.143957003951073,0.100785747170448,-0.201255604624748,0.238727778196335,0.234910503029823,0.102151967585087,0.113070152699947,0.087625212967396,0.103286273777485,0.017273191362619,-0.008072794415057,-0.18325811624527,-0.027873801067472,0.053686171770096,-0.118737995624542,-0.014959025196731,-0.055074103176594
